Date,Prix,Agent,Position,Valeur_Portefeuille
2024-02-26 16:00:00,7928.6802,HARD_MODE,0,999.64
2024-02-27 08:00:00,7933.6499,HARD_MODE,0,999.64
2024-02-27 12:00:00,7952.9199,HARD_MODE,0,999.64
2024-02-27 16:00:00,7952.8101,HARD_MODE,0,999.64
2024-02-28 08:00:00,7945.4702,HARD_MODE,0,999.64
2024-02-28 12:00:00,7948.7598,HARD_MODE,0,999.64
2024-02-28 16:00:00,7952.2798,HARD_MODE,0,999.64
2024-02-29 08:00:00,7956.8599,HARD_MODE,0,999.64
2024-02-29 12:00:00,7935.6299,HARD_MODE,0,999.64
2024-02-29 16:00:00,7942.6602,HARD_MODE,0,999.64
2024-03-01 08:00:00,7931.9502,HARD_MODE,0,999.64
2024-03-01 12:00:00,7936.5801,HARD_MODE,0,999.64
2024-03-01 16:00:00,7928.6602,HARD_MODE,0,999.64
2024-03-04 08:00:00,7936.3301,HARD_MODE,0,999.64
2024-03-04 12:00:00,7945.1401,HARD_MODE,0,999.64
2024-03-04 16:00:00,7952.7202,HARD_MODE,0,999.64
2024-03-05 08:00:00,7956.6499,HARD_MODE,0,999.64
2024-03-05 12:00:00,7926.2598,HARD_MODE,1,999.26
2024-03-05 16:00:00,7931.2202,HARD_MODE,1,999.34
2024-03-06 08:00:00,7931.8301,HARD_MODE,1,1002.1
2024-03-06 12:00:00,7953.77,HARD_MODE,1,1002.33
2024-03-06 16:00:00,7955.5298,HARD_MODE,1,1003.61
2024-03-07 08:00:00,7965.6899,HARD_MODE,1,1011.15
2024-03-07 12:00:00,8025.5801,HARD_MODE,1,1011.14
2024-03-07 16:00:00,8025.5,HARD_MODE,1,1010.87
2024-03-08 08:00:00,8023.3799,HARD_MODE,1,1012.91
2024-03-08 12:00:00,8039.5298,HARD_MODE,0,1011.9
2024-03-08 16:00:00,8029.3301,HARD_MODE,-1,1013.14
2024-03-11 08:00:00,8011.4199,HARD_MODE,-1,1013.33
2024-03-11 12:00:00,8009.8999,HARD_MODE,-1,1012.0
2024-03-11 16:00:00,8020.48,HARD_MODE,-1,1011.73
2024-03-12 08:00:00,8022.6401,HARD_MODE,-1,1002.83
2024-03-12 12:00:00,8093.2998,HARD_MODE,-1,1002.87
2024-03-12 16:00:00,8092.98,HARD_MODE,-1,998.31
2024-03-13 08:00:00,8129.23,HARD_MODE,-1,996.14
2024-03-13 12:00:00,8146.4702,HARD_MODE,-1,996.84
2024-03-13 16:00:00,8140.9102,HARD_MODE,-1,989.08
2024-03-14 08:00:00,8202.5303,HARD_MODE,-1,993.99
2024-03-14 12:00:00,8163.52,HARD_MODE,-1,994.05
2024-03-14 16:00:00,8163.0801,HARD_MODE,-1,988.44
2024-03-15 08:00:00,8207.6299,HARD_MODE,-1,989.67
2024-03-15 12:00:00,8197.8701,HARD_MODE,-1,991.65
2024-03-15 16:00:00,8182.0801,HARD_MODE,-1,992.42
2024-03-18 08:00:00,8175.9902,HARD_MODE,-1,996.02
2024-03-18 12:00:00,8147.3701,HARD_MODE,0,995.0
2024-03-18 16:00:00,8154.6499,HARD_MODE,0,995.0
2024-03-19 08:00:00,8171.4902,HARD_MODE,0,995.0
2024-03-19 12:00:00,8194.5,HARD_MODE,0,995.0
2024-03-19 16:00:00,8200.8799,HARD_MODE,0,995.0
2024-03-20 08:00:00,8155.1001,HARD_MODE,0,995.0
2024-03-20 12:00:00,8154.0601,HARD_MODE,0,995.0
2024-03-20 16:00:00,8163.3398,HARD_MODE,0,995.0
2024-03-21 08:00:00,8154.0298,HARD_MODE,0,995.0
2024-03-21 12:00:00,8180.7998,HARD_MODE,0,995.0
2024-03-21 16:00:00,8181.6802,HARD_MODE,0,995.0
2024-03-22 08:00:00,8143.52,HARD_MODE,0,995.0
2024-03-22 12:00:00,8148.8101,HARD_MODE,1,994.38
2024-03-22 16:00:00,8151.9399,HARD_MODE,1,989.82
2024-03-25 08:00:00,8114.4902,HARD_MODE,1,994.62
2024-03-25 12:00:00,8153.9102,HARD_MODE,1,995.26
2024-03-25 16:00:00,8159.1001,HARD_MODE,1,997.04
2024-03-26 08:00:00,8173.7002,HARD_MODE,1,996.67
2024-03-26 12:00:00,8170.6499,HARD_MODE,1,998.85
2024-03-26 16:00:00,8188.5298,HARD_MODE,-1,994.84
2024-03-27 08:00:00,8205.04,HARD_MODE,-1,994.61
2024-03-27 12:00:00,8206.9697,HARD_MODE,-1,995.4
2024-03-27 16:00:00,8200.46,HARD_MODE,1,996.39
2024-03-28 08:00:00,8225.1299,HARD_MODE,1,994.78
2024-03-28 12:00:00,8211.7695,HARD_MODE,1,994.9
2024-03-28 16:00:00,8212.7998,HARD_MODE,1,997.98
2024-04-02 04:00:00,8238.2197,HARD_MODE,1,992.84
2024-04-02 08:00:00,8195.7598,HARD_MODE,1,985.08
2024-04-02 12:00:00,8131.7598,HARD_MODE,1,984.76
2024-04-03 04:00:00,8129.1299,HARD_MODE,1,987.03
2024-04-03 08:00:00,8147.8198,HARD_MODE,1,988.26
2024-04-03 12:00:00,8158.0,HARD_MODE,-1,985.05
2024-04-04 04:00:00,8168.2002,HARD_MODE,-1,986.66
2024-04-04 08:00:00,8154.9502,HARD_MODE,-1,986.3
2024-04-04 12:00:00,8157.8999,HARD_MODE,-1,999.19
2024-04-05 04:00:00,8051.27,HARD_MODE,0,998.22
2024-04-05 08:00:00,8024.23,HARD_MODE,0,998.22
2024-04-05 12:00:00,8056.9902,HARD_MODE,0,998.22
2024-04-08 04:00:00,8105.46,HARD_MODE,0,998.22
2024-04-08 08:00:00,8108.7598,HARD_MODE,0,998.22
2024-04-08 12:00:00,8121.8999,HARD_MODE,0,998.22
2024-04-09 04:00:00,8086.0801,HARD_MODE,0,998.22
2024-04-09 08:00:00,8088.8599,HARD_MODE,0,998.22
2024-04-09 12:00:00,8048.1499,HARD_MODE,0,998.22
2024-04-10 04:00:00,8085.6299,HARD_MODE,0,998.22
2024-04-10 08:00:00,8101.0601,HARD_MODE,1,990.01
2024-04-10 12:00:00,8042.54,HARD_MODE,1,995.68
2024-04-11 04:00:00,8088.5498,HARD_MODE,1,987.43
2024-04-11 08:00:00,8021.5698,HARD_MODE,0,986.45
2024-04-11 12:00:00,8017.8701,HARD_MODE,0,986.45
2024-04-12 04:00:00,8107.0298,HARD_MODE,0,986.45
2024-04-12 08:00:00,8088.4102,HARD_MODE,0,986.45
2024-04-12 12:00:00,7999.9102,HARD_MODE,1,991.91
2024-04-15 04:00:00,8052.2598,HARD_MODE,1,997.41
2024-04-15 08:00:00,8096.9199,HARD_MODE,1,990.2
2024-04-15 12:00:00,8038.3599,HARD_MODE,1,978.35
2024-04-16 04:00:00,7942.1602,HARD_MODE,1,982.09
2024-04-16 08:00:00,7972.5498,HARD_MODE,-1,986.34
2024-04-16 12:00:00,7921.9702,HARD_MODE,-1,977.38
2024-04-17 04:00:00,7994.9102,HARD_MODE,-1,972.31
2024-04-17 08:00:00,8036.1201,HARD_MODE,-1,977.07
2024-04-17 12:00:00,7997.4102,HARD_MODE,-1,974.41
2024-04-18 04:00:00,8019.02,HARD_MODE,-1,975.11
2024-04-18 08:00:00,8013.3701,HARD_MODE,-1,972.6
2024-04-18 12:00:00,8033.7598,HARD_MODE,-1,980.22
2024-04-19 04:00:00,7971.7998,HARD_MODE,0,979.24
2024-04-19 08:00:00,8013.4199,HARD_MODE,0,979.24
2024-04-19 12:00:00,8022.9199,HARD_MODE,0,979.24
2024-04-22 04:00:00,8015.96,HARD_MODE,0,979.24
2024-04-22 08:00:00,8042.54,HARD_MODE,1,977.89
2024-04-22 12:00:00,8039.5298,HARD_MODE,1,979.75
2024-04-23 04:00:00,8054.77,HARD_MODE,1,982.33
2024-04-23 08:00:00,8076.0498,HARD_MODE,1,986.61
2024-04-23 12:00:00,8111.1699,HARD_MODE,1,987.07
2024-04-24 04:00:00,8114.9702,HARD_MODE,1,990.01
2024-04-24 08:00:00,8139.1899,HARD_MODE,1,983.34
2024-04-24 12:00:00,8084.29,HARD_MODE,1,981.21
2024-04-25 04:00:00,8066.8398,HARD_MODE,1,976.88
2024-04-25 08:00:00,8031.1802,HARD_MODE,1,975.7
2024-04-25 12:00:00,8021.5,HARD_MODE,1,977.92
2024-04-26 04:00:00,8039.7998,HARD_MODE,1,978.59
2024-04-26 08:00:00,8045.27,HARD_MODE,1,984.42
2024-04-26 12:00:00,8093.2002,HARD_MODE,1,987.42
2024-04-29 04:00:00,8117.8501,HARD_MODE,1,984.73
2024-04-29 08:00:00,8095.7402,HARD_MODE,1,981.96
2024-04-29 12:00:00,8072.96,HARD_MODE,1,980.26
2024-04-30 04:00:00,8058.96,HARD_MODE,1,979.61
2024-04-30 08:00:00,8053.6699,HARD_MODE,1,970.8
2024-04-30 12:00:00,7981.25,HARD_MODE,1,963.3
2024-05-02 04:00:00,7919.5801,HARD_MODE,1,964.32
2024-05-02 08:00:00,7927.9502,HARD_MODE,1,963.52
2024-05-02 12:00:00,7921.3501,HARD_MODE,1,966.06
2024-05-03 04:00:00,7942.25,HARD_MODE,1,967.54
2024-05-03 08:00:00,7954.4502,HARD_MODE,1,967.34
2024-05-03 12:00:00,7952.7598,HARD_MODE,1,968.65
2024-05-06 04:00:00,7963.54,HARD_MODE,1,976.18
2024-05-06 08:00:00,8025.4199,HARD_MODE,-1,977.97
2024-05-06 12:00:00,7994.5801,HARD_MODE,-1,975.47
2024-05-07 04:00:00,8015.1499,HARD_MODE,-1,975.17
2024-05-07 08:00:00,8017.6201,HARD_MODE,-1,968.22
2024-05-07 12:00:00,8074.9199,HARD_MODE,0,967.24
2024-05-08 04:00:00,8121.8999,HARD_MODE,0,967.24
2024-05-08 08:00:00,8143.5298,HARD_MODE,0,967.24
2024-05-08 12:00:00,8138.0801,HARD_MODE,0,967.24
2024-05-09 04:00:00,8123.7202,HARD_MODE,0,967.24
2024-05-09 08:00:00,8146.5698,HARD_MODE,1,970.85
2024-05-09 12:00:00,8185.1699,HARD_MODE,1,976.56
2024-05-10 04:00:00,8233.2998,HARD_MODE,1,977.52
2024-05-10 08:00:00,8241.4297,HARD_MODE,1,974.47
2024-05-10 12:00:00,8215.6904,HARD_MODE,1,973.86
2024-05-13 04:00:00,8210.5596,HARD_MODE,1,972.98
2024-05-13 08:00:00,8203.1504,HARD_MODE,1,973.64
2024-05-13 12:00:00,8208.7002,HARD_MODE,1,972.91
2024-05-14 04:00:00,8202.5898,HARD_MODE,1,974.0
2024-05-14 08:00:00,8211.7803,HARD_MODE,1,976.09
2024-05-14 12:00:00,8229.3398,HARD_MODE,1,975.35
2024-05-15 04:00:00,8223.1299,HARD_MODE,1,973.9
2024-05-15 08:00:00,8210.9102,HARD_MODE,1,977.2
2024-05-15 12:00:00,8238.7598,HARD_MODE,1,973.91
2024-05-16 04:00:00,8211.0195,HARD_MODE,1,973.6
2024-05-16 08:00:00,8208.3799,HARD_MODE,1,971.25
2024-05-16 12:00:00,8188.5801,HARD_MODE,1,967.1
2024-05-17 04:00:00,8153.6201,HARD_MODE,1,966.59
2024-05-17 08:00:00,8149.27,HARD_MODE,1,968.79
2024-05-17 12:00:00,8167.79,HARD_MODE,1,972.3
2024-05-20 04:00:00,8197.4404,HARD_MODE,1,973.86
2024-05-20 08:00:00,8210.54,HARD_MODE,1,972.22
2024-05-20 12:00:00,8196.7695,HARD_MODE,1,966.32
2024-05-21 04:00:00,8146.9702,HARD_MODE,1,962.6
2024-05-21 08:00:00,8115.6602,HARD_MODE,1,965.03
2024-05-21 12:00:00,8136.1099,HARD_MODE,1,961.26
2024-05-22 04:00:00,8104.3701,HARD_MODE,1,959.51
2024-05-22 08:00:00,8089.5698,HARD_MODE,1,959.48
2024-05-22 12:00:00,8089.3701,HARD_MODE,1,963.16
2024-05-23 04:00:00,8120.3398,HARD_MODE,-1,961.17
2024-05-23 08:00:00,8120.8599,HARD_MODE,-1,963.96
2024-05-23 12:00:00,8097.2598,HARD_MODE,-1,967.45
2024-05-24 04:00:00,8067.8198,HARD_MODE,-1,965.6
2024-05-24 08:00:00,8083.4399,HARD_MODE,-1,963.94
2024-05-24 12:00:00,8097.4302,HARD_MODE,-1,963.6
2024-05-27 04:00:00,8100.3101,HARD_MODE,-1,962.76
2024-05-27 08:00:00,8107.4702,HARD_MODE,-1,960.47
2024-05-27 12:00:00,8126.7402,HARD_MODE,-1,961.86
2024-05-28 04:00:00,8115.02,HARD_MODE,0,960.9
2024-05-28 08:00:00,8079.7402,HARD_MODE,0,960.9
2024-05-28 12:00:00,8056.7202,HARD_MODE,1,952.34
2024-05-29 04:00:00,7992.96,HARD_MODE,1,948.84
2024-05-29 08:00:00,7963.5298,HARD_MODE,1,945.95
2024-05-29 12:00:00,7939.27,HARD_MODE,1,947.18
2024-05-30 04:00:00,7949.6099,HARD_MODE,1,947.68
2024-05-30 08:00:00,7953.8501,HARD_MODE,0,946.74
2024-05-30 12:00:00,7979.2998,HARD_MODE,0,946.74
2024-05-31 04:00:00,7972.9902,HARD_MODE,1,946.13
2024-05-31 08:00:00,7975.8398,HARD_MODE,1,946.69
2024-05-31 12:00:00,7980.6299,HARD_MODE,1,949.83
2024-06-03 04:00:00,8007.0801,HARD_MODE,1,951.49
2024-06-03 08:00:00,8021.0298,HARD_MODE,0,950.54
2024-06-03 12:00:00,8003.25,HARD_MODE,0,950.54
2024-06-04 04:00:00,7965.2402,HARD_MODE,0,950.54
2024-06-04 08:00:00,7965.71,HARD_MODE,0,950.54
2024-06-04 12:00:00,7940.6699,HARD_MODE,0,950.54
2024-06-05 04:00:00,7974.7998,HARD_MODE,-1,944.91
2024-06-05 08:00:00,8014.0298,HARD_MODE,-1,945.75
2024-06-05 12:00:00,8007.02,HARD_MODE,-1,942.39
2024-06-06 04:00:00,8035.2598,HARD_MODE,-1,940.44
2024-06-06 08:00:00,8051.6499,HARD_MODE,-1,941.57
2024-06-06 12:00:00,8042.1401,HARD_MODE,-1,944.94
2024-06-07 04:00:00,8013.79,HARD_MODE,-1,950.09
2024-06-07 08:00:00,7970.5801,HARD_MODE,0,949.14
2024-06-07 12:00:00,8002.7798,HARD_MODE,0,949.14
2024-06-10 04:00:00,7877.98,HARD_MODE,0,949.14
2024-06-10 08:00:00,7870.0,HARD_MODE,0,949.14
2024-06-10 12:00:00,7878.0098,HARD_MODE,0,949.14
2024-06-11 04:00:00,7916.8799,HARD_MODE,0,949.14
2024-06-11 08:00:00,7798.71,HARD_MODE,1,947.29
2024-06-11 12:00:00,7791.3501,HARD_MODE,1,951.27
2024-06-12 04:00:00,7824.0801,HARD_MODE,1,952.18
2024-06-12 08:00:00,7831.4902,HARD_MODE,1,957.12
2024-06-12 12:00:00,7872.1299,HARD_MODE,-1,959.82
2024-06-13 04:00:00,7834.1001,HARD_MODE,-1,967.47
2024-06-13 08:00:00,7771.02,HARD_MODE,-1,976.1
2024-06-13 12:00:00,7699.9199,HARD_MODE,-1,986.43
2024-06-14 04:00:00,7614.7998,HARD_MODE,0,985.5
2024-06-14 08:00:00,7527.1299,HARD_MODE,1,980.74
2024-06-14 12:00:00,7498.2798,HARD_MODE,1,984.64
2024-06-17 04:00:00,7528.0898,HARD_MODE,1,985.96
2024-06-17 08:00:00,7538.1299,HARD_MODE,1,990.08
2024-06-17 12:00:00,7569.6299,HARD_MODE,1,991.64
2024-06-18 04:00:00,7581.5801,HARD_MODE,1,994.25
2024-06-18 08:00:00,7601.5698,HARD_MODE,1,997.45
2024-06-18 12:00:00,7626.0,HARD_MODE,1,996.71
2024-06-19 04:00:00,7620.3599,HARD_MODE,1,993.74
2024-06-19 08:00:00,7597.6001,HARD_MODE,1,989.71
2024-06-19 12:00:00,7566.79,HARD_MODE,1,994.69
2024-06-20 04:00:00,7604.8999,HARD_MODE,0,993.7
2024-06-20 08:00:00,7636.6099,HARD_MODE,0,993.7
2024-06-20 12:00:00,7675.3799,HARD_MODE,0,993.7
2024-06-21 04:00:00,7661.48,HARD_MODE,0,993.7
2024-06-21 08:00:00,7623.1099,HARD_MODE,1,994.41
2024-06-21 12:00:00,7636.2002,HARD_MODE,1,998.84
2024-06-24 04:00:00,7670.27,HARD_MODE,1,1002.33
2024-06-24 08:00:00,7697.0298,HARD_MODE,1,1004.57
2024-06-24 12:00:00,7714.2202,HARD_MODE,1,997.3
2024-06-25 04:00:00,7658.4302,HARD_MODE,1,995.05
2024-06-25 08:00:00,7641.1499,HARD_MODE,1,996.74
2024-06-25 12:00:00,7654.1401,HARD_MODE,1,1002.65
2024-06-26 04:00:00,7699.48,HARD_MODE,1,990.23
2024-06-26 08:00:00,7604.1401,HARD_MODE,1,990.93
2024-06-26 12:00:00,7609.4702,HARD_MODE,1,991.28
2024-06-27 04:00:00,7612.2002,HARD_MODE,1,985.45
2024-06-27 08:00:00,7567.3901,HARD_MODE,1,980.51
2024-06-27 12:00:00,7529.48,HARD_MODE,1,976.06
2024-06-28 04:00:00,7495.3301,HARD_MODE,1,974.83
2024-06-28 08:00:00,7485.8999,HARD_MODE,1,972.32
2024-06-28 12:00:00,7466.5601,HARD_MODE,1,992.84
2024-07-01 04:00:00,7624.1499,HARD_MODE,1,989.93
2024-07-01 08:00:00,7601.79,HARD_MODE,1,986.53
2024-07-01 12:00:00,7575.73,HARD_MODE,1,978.4
2024-07-02 04:00:00,7513.2798,HARD_MODE,1,974.76
2024-07-02 08:00:00,7485.2998,HARD_MODE,1,981.21
2024-07-02 12:00:00,7534.8398,HARD_MODE,1,989.44
2024-07-03 04:00:00,7598.0498,HARD_MODE,1,997.27
2024-07-03 08:00:00,7658.1899,HARD_MODE,-1,997.48
2024-07-03 12:00:00,7641.2202,HARD_MODE,-1,992.87
2024-07-04 04:00:00,7676.6899,HARD_MODE,-1,990.73
2024-07-04 08:00:00,7693.1602,HARD_MODE,-1,990.44
2024-07-04 12:00:00,7695.4302,HARD_MODE,-1,985.78
2024-07-05 04:00:00,7731.29,HARD_MODE,-1,987.94
2024-07-05 08:00:00,7714.6499,HARD_MODE,-1,994.15
2024-07-05 12:00:00,7666.8398,HARD_MODE,-1,988.51
2024-07-08 04:00:00,7710.2798,HARD_MODE,-1,991.07
2024-07-08 08:00:00,7690.5298,HARD_MODE,-1,997.59
2024-07-08 12:00:00,7640.3999,HARD_MODE,0,996.6
2024-07-09 04:00:00,7589.4102,HARD_MODE,0,996.6
2024-07-09 08:00:00,7565.2002,HARD_MODE,0,996.6
2024-07-09 12:00:00,7487.3501,HARD_MODE,0,996.6
2024-07-10 04:00:00,7518.0898,HARD_MODE,0,996.6
2024-07-10 08:00:00,7557.9102,HARD_MODE,0,996.6
2024-07-10 12:00:00,7578.96,HARD_MODE,0,996.6
2024-07-11 04:00:00,7610.96,HARD_MODE,-1,997.2
2024-07-11 08:00:00,7598.73,HARD_MODE,-1,992.74
2024-07-11 12:00:00,7632.79,HARD_MODE,-1,987.35
2024-07-12 04:00:00,7674.0601,HARD_MODE,-1,985.66
2024-07-12 08:00:00,7686.9102,HARD_MODE,-1,979.28
2024-07-12 12:00:00,7735.6802,HARD_MODE,-1,986.48
2024-07-15 04:00:00,7680.6401,HARD_MODE,0,985.48
2024-07-15 08:00:00,7671.3398,HARD_MODE,0,985.48
2024-07-15 12:00:00,7630.9702,HARD_MODE,0,985.48
2024-07-16 04:00:00,7570.0498,HARD_MODE,1,984.26
2024-07-16 08:00:00,7568.2798,HARD_MODE,1,986.25
2024-07-16 12:00:00,7583.54,HARD_MODE,1,984.23
2024-07-17 04:00:00,7568.0601,HARD_MODE,1,979.96
2024-07-17 08:00:00,7535.1899,HARD_MODE,1,985.85
2024-07-17 12:00:00,7580.4902,HARD_MODE,1,984.1
2024-07-18 04:00:00,7567.0498,HARD_MODE,1,990.05
2024-07-18 08:00:00,7612.7798,HARD_MODE,1,988.48
2024-07-18 12:00:00,7600.7402,HARD_MODE,1,980.71
2024-07-19 04:00:00,7540.9502,HARD_MODE,1,981.61
2024-07-19 08:00:00,7547.8701,HARD_MODE,1,978.34
2024-07-19 12:00:00,7522.7202,HARD_MODE,1,984.51
2024-07-22 04:00:00,7570.1699,HARD_MODE,1,993.17
2024-07-22 08:00:00,7636.7598,HARD_MODE,0,992.18
2024-07-22 12:00:00,7624.8799,HARD_MODE,0,992.18
2024-07-23 04:00:00,7586.6602,HARD_MODE,0,992.18
2024-07-23 08:00:00,7639.6299,HARD_MODE,0,992.18
2024-07-23 12:00:00,7593.54,HARD_MODE,0,992.18
2024-07-24 04:00:00,7482.2798,HARD_MODE,1,996.78
2024-07-24 08:00:00,7524.5498,HARD_MODE,1,995.57
2024-07-24 12:00:00,7515.4199,HARD_MODE,1,980.29
2024-07-25 04:00:00,7400.0801,HARD_MODE,1,974.39
2024-07-25 08:00:00,7355.4702,HARD_MODE,1,983.48
2024-07-25 12:00:00,7424.1602,HARD_MODE,0,982.5
2024-07-26 04:00:00,7471.3101,HARD_MODE,0,982.5
2024-07-26 08:00:00,7497.2998,HARD_MODE,1,984.32
2024-07-26 12:00:00,7518.7002,HARD_MODE,1,981.27
2024-07-29 04:00:00,7495.3799,HARD_MODE,1,980.34
2024-07-29 08:00:00,7488.2798,HARD_MODE,1,975.04
2024-07-29 12:00:00,7447.8398,HARD_MODE,1,978.45
2024-07-30 04:00:00,7473.8701,HARD_MODE,1,978.23
2024-07-30 08:00:00,7472.1602,HARD_MODE,1,979.59
2024-07-30 12:00:00,7482.5898,HARD_MODE,0,978.61
2024-07-31 04:00:00,7559.4702,HARD_MODE,-1,978.02
2024-07-31 08:00:00,7556.4702,HARD_MODE,-1,980.87
2024-07-31 12:00:00,7534.4302,HARD_MODE,-1,992.29
2024-08-01 04:00:00,7446.1201,HARD_MODE,0,991.33
2024-08-01 08:00:00,7443.21,HARD_MODE,0,991.33
2024-08-01 12:00:00,7363.25,HARD_MODE,0,991.33
2024-08-02 04:00:00,7327.6201,HARD_MODE,0,991.33
2024-08-02 08:00:00,7318.75,HARD_MODE,0,991.33
2024-08-02 12:00:00,7233.9302,HARD_MODE,0,991.33
2024-08-05 04:00:00,7100.02,HARD_MODE,1,985.43
2024-08-05 08:00:00,7064.79,HARD_MODE,1,995.57
2024-08-05 12:00:00,7137.5098,HARD_MODE,1,997.28
2024-08-06 04:00:00,7149.8101,HARD_MODE,1,992.29
2024-08-06 08:00:00,7113.9902,HARD_MODE,1,993.13
2024-08-06 12:00:00,7120.04,HARD_MODE,1,1003.49
2024-08-07 04:00:00,7194.3198,HARD_MODE,1,1009.57
2024-08-07 08:00:00,7237.9102,HARD_MODE,1,1013.47
2024-08-07 12:00:00,7265.8599,HARD_MODE,-1,1021.15
2024-08-08 04:00:00,7196.1802,HARD_MODE,-1,1021.0
2024-08-08 08:00:00,7197.23,HARD_MODE,-1,1013.57
2024-08-08 12:00:00,7250.6099,HARD_MODE,-1,1007.93
2024-08-09 04:00:00,7291.0898,HARD_MODE,-1,1010.43
2024-08-09 08:00:00,7273.1899,HARD_MODE,0,1009.41
2024-08-09 12:00:00,7269.2002,HARD_MODE,0,1009.41
2024-08-12 04:00:00,7296.5698,HARD_MODE,0,1009.41
2024-08-12 08:00:00,7268.75,HARD_MODE,1,1005.37
2024-08-12 12:00:00,7246.8799,HARD_MODE,1,1008.38
2024-08-13 04:00:00,7268.5498,HARD_MODE,1,1002.95
2024-08-13 08:00:00,7229.46,HARD_MODE,1,1009.38
2024-08-13 12:00:00,7275.8198,HARD_MODE,1,1015.03
2024-08-14 04:00:00,7316.5098,HARD_MODE,1,1013.77
2024-08-14 08:00:00,7307.4199,HARD_MODE,1,1015.97
2024-08-14 12:00:00,7323.27,HARD_MODE,1,1020.73
2024-08-15 04:00:00,7357.6099,HARD_MODE,1,1018.83
2024-08-15 08:00:00,7343.9102,HARD_MODE,1,1029.84
2024-08-15 12:00:00,7423.2598,HARD_MODE,1,1032.91
2024-08-16 04:00:00,7445.4199,HARD_MODE,1,1031.19
2024-08-16 08:00:00,7433.02,HARD_MODE,1,1032.84
2024-08-16 12:00:00,7444.9302,HARD_MODE,1,1033.11
2024-08-19 04:00:00,7446.8301,HARD_MODE,1,1037.41
2024-08-19 08:00:00,7477.8501,HARD_MODE,1,1041.49
2024-08-19 12:00:00,7507.2798,HARD_MODE,1,1044.02
2024-08-20 04:00:00,7525.48,HARD_MODE,1,1041.87
2024-08-20 08:00:00,7510.02,HARD_MODE,1,1038.16
2024-08-20 12:00:00,7483.23,HARD_MODE,1,1041.31
2024-08-21 04:00:00,7505.9502,HARD_MODE,1,1043.71
2024-08-21 08:00:00,7523.2798,HARD_MODE,1,1043.92
2024-08-21 12:00:00,7524.79,HARD_MODE,1,1046.0
2024-08-22 04:00:00,7539.7598,HARD_MODE,1,1046.11
2024-08-22 08:00:00,7540.52,HARD_MODE,1,1044.18
2024-08-22 12:00:00,7526.6499,HARD_MODE,1,1045.72
2024-08-23 04:00:00,7537.7598,HARD_MODE,1,1048.23
2024-08-23 08:00:00,7555.8301,HARD_MODE,1,1051.07
2024-08-23 12:00:00,7576.2998,HARD_MODE,1,1052.31
2024-08-26 04:00:00,7585.27,HARD_MODE,1,1053.96
2024-08-26 08:00:00,7597.1201,HARD_MODE,1,1053.57
2024-08-26 12:00:00,7594.3198,HARD_MODE,1,1055.74
2024-08-27 04:00:00,7609.9399,HARD_MODE,1,1053.91
2024-08-27 08:00:00,7596.7402,HARD_MODE,1,1050.61
2024-08-27 12:00:00,7572.9502,HARD_MODE,1,1052.78
2024-08-28 04:00:00,7588.6499,HARD_MODE,1,1055.2
2024-08-28 08:00:00,7606.0698,HARD_MODE,1,1052.12
2024-08-28 12:00:00,7583.8501,HARD_MODE,1,1055.07
2024-08-29 04:00:00,7605.1201,HARD_MODE,1,1058.82
2024-08-29 08:00:00,7632.1499,HARD_MODE,-1,1055.81
2024-08-29 12:00:00,7638.5698,HARD_MODE,-1,1050.85
2024-08-30 04:00:00,7674.4199,HARD_MODE,-1,1051.49
2024-08-30 08:00:00,7669.79,HARD_MODE,-1,1056.27
2024-08-30 12:00:00,7635.2798,HARD_MODE,-1,1061.23
2024-09-02 04:00:00,7599.4502,HARD_MODE,-1,1057.94
2024-09-02 08:00:00,7623.21,HARD_MODE,-1,1055.06
2024-09-02 12:00:00,7644.0498,HARD_MODE,-1,1052.21
2024-09-03 04:00:00,7664.6001,HARD_MODE,-1,1056.78
2024-09-03 08:00:00,7631.5698,HARD_MODE,-1,1064.73
2024-09-03 12:00:00,7574.1899,HARD_MODE,0,1063.68
2024-09-04 04:00:00,7524.5,HARD_MODE,0,1063.68
2024-09-04 08:00:00,7491.96,HARD_MODE,0,1063.68
2024-09-04 12:00:00,7497.9502,HARD_MODE,0,1063.68
2024-09-05 04:00:00,7498.0801,HARD_MODE,0,1063.68
2024-09-05 08:00:00,7453.9702,HARD_MODE,1,1061.56
2024-09-05 12:00:00,7446.5498,HARD_MODE,1,1056.89
2024-09-06 04:00:00,7413.8301,HARD_MODE,1,1058.05
2024-09-06 08:00:00,7421.9502,HARD_MODE,1,1046.77
2024-09-06 12:00:00,7342.8501,HARD_MODE,1,1054.23
2024-09-09 04:00:00,7395.1499,HARD_MODE,1,1054.71
2024-09-09 08:00:00,7398.4902,HARD_MODE,1,1057.76
2024-09-09 12:00:00,7419.8999,HARD_MODE,1,1064.78
2024-09-10 04:00:00,7469.1401,HARD_MODE,1,1060.22
2024-09-10 08:00:00,7437.1699,HARD_MODE,1,1055.76
2024-09-10 12:00:00,7405.9199,HARD_MODE,1,1059.86
2024-09-11 04:00:00,7434.6802,HARD_MODE,0,1058.8
2024-09-11 08:00:00,7426.5801,HARD_MODE,0,1058.8
2024-09-11 12:00:00,7399.2798,HARD_MODE,1,1064.51
2024-09-12 04:00:00,7446.5801,HARD_MODE,1,1066.97
2024-09-12 08:00:00,7463.79,HARD_MODE,1,1061.97
2024-09-12 12:00:00,7428.7998,HARD_MODE,1,1065.79
2024-09-13 04:00:00,7455.5698,HARD_MODE,1,1064.82
2024-09-13 08:00:00,7448.77,HARD_MODE,1,1066.8
2024-09-13 12:00:00,7462.6001,HARD_MODE,1,1068.46
2024-09-16 04:00:00,7474.2202,HARD_MODE,1,1066.83
2024-09-16 08:00:00,7462.8501,HARD_MODE,1,1064.07
2024-09-16 12:00:00,7443.5498,HARD_MODE,1,1069.12
2024-09-17 04:00:00,7478.8501,HARD_MODE,1,1072.8
2024-09-17 08:00:00,7504.5698,HARD_MODE,1,1071.1
2024-09-17 12:00:00,7492.6802,HARD_MODE,1,1068.54
2024-09-18 04:00:00,7474.7598,HARD_MODE,1,1065.92
2024-09-18 08:00:00,7456.4502,HARD_MODE,1,1065.28
2024-09-18 12:00:00,7451.96,HARD_MODE,1,1076.97
2024-09-19 04:00:00,7533.7402,HARD_MODE,1,1085.47
2024-09-19 08:00:00,7593.1899,HARD_MODE,1,1087.72
2024-09-19 12:00:00,7608.9702,HARD_MODE,1,1083.77
2024-09-20 04:00:00,7581.3301,HARD_MODE,1,1080.27
2024-09-20 08:00:00,7556.8599,HARD_MODE,1,1072.97
2024-09-20 12:00:00,7505.77,HARD_MODE,1,1070.22
2024-09-23 04:00:00,7486.52,HARD_MODE,1,1070.05
2024-09-23 08:00:00,7485.3599,HARD_MODE,1,1072.34
2024-09-23 12:00:00,7501.3999,HARD_MODE,1,1087.89
2024-09-24 04:00:00,7610.1201,HARD_MODE,-1,1088.01
2024-09-24 08:00:00,7594.0298,HARD_MODE,-1,1087.16
2024-09-24 12:00:00,7599.96,HARD_MODE,-1,1089.48
2024-09-25 04:00:00,7583.71,HARD_MODE,-1,1088.31
2024-09-25 08:00:00,7591.9302,HARD_MODE,-1,1092.45
2024-09-25 12:00:00,7562.9102,HARD_MODE,-1,1074.41
2024-09-26 04:00:00,7689.3301,HARD_MODE,-1,1074.56
2024-09-26 08:00:00,7688.2798,HARD_MODE,-1,1068.42
2024-09-26 12:00:00,7731.3301,HARD_MODE,-1,1065.33
2024-09-27 04:00:00,7752.96,HARD_MODE,-1,1062.47
2024-09-27 08:00:00,7773.0601,HARD_MODE,-1,1058.88
2024-09-27 12:00:00,7798.1699,HARD_MODE,-1,1070.14
2024-09-30 04:00:00,7719.2402,HARD_MODE,-1,1079.52
2024-09-30 08:00:00,7653.5098,HARD_MODE,-1,1082.13
2024-09-30 12:00:00,7635.23,HARD_MODE,0,1081.04
2024-10-01 04:00:00,7614.5098,HARD_MODE,0,1081.04
2024-10-01 08:00:00,7640.2202,HARD_MODE,0,1081.04
2024-10-01 12:00:00,7563.0601,HARD_MODE,0,1081.04
2024-10-02 04:00:00,7613.02,HARD_MODE,0,1081.04
2024-10-02 08:00:00,7557.46,HARD_MODE,0,1081.04
2024-10-02 12:00:00,7570.46,HARD_MODE,1,1068.15
2024-10-03 04:00:00,7487.6699,HARD_MODE,1,1075.21
2024-10-03 08:00:00,7537.1802,HARD_MODE,1,1065.28
2024-10-03 12:00:00,7467.5601,HARD_MODE,1,1073.46
2024-10-04 04:00:00,7524.9199,HARD_MODE,1,1071.6
2024-10-04 08:00:00,7511.8901,HARD_MODE,1,1076.42
2024-10-04 12:00:00,7545.6602,HARD_MODE,1,1072.31
2024-10-07 04:00:00,7516.8501,HARD_MODE,1,1078.39
2024-10-07 08:00:00,7559.4702,HARD_MODE,-1,1074.03
2024-10-07 12:00:00,7574.9702,HARD_MODE,-1,1085.89
2024-10-08 04:00:00,7491.6802,HARD_MODE,0,1084.82
2024-10-08 08:00:00,7537.46,HARD_MODE,0,1084.82
2024-10-08 12:00:00,7520.4702,HARD_MODE,1,1087.14
2024-10-09 04:00:00,7544.0898,HARD_MODE,1,1087.44
2024-10-09 08:00:00,7546.1802,HARD_MODE,1,1090.46
2024-10-09 12:00:00,7567.1099,HARD_MODE,0,1089.37
2024-10-10 04:00:00,7538.48,HARD_MODE,0,1089.37
2024-10-10 08:00:00,7554.8799,HARD_MODE,0,1089.37
2024-10-10 12:00:00,7544.79,HARD_MODE,1,1089.85
2024-10-11 04:00:00,7555.6899,HARD_MODE,1,1088.62
2024-10-11 08:00:00,7547.1899,HARD_MODE,1,1093.61
2024-10-11 12:00:00,7581.7598,HARD_MODE,1,1093.87
2024-10-14 04:00:00,7583.5898,HARD_MODE,1,1089.92
2024-10-14 08:00:00,7556.2002,HARD_MODE,1,1095.94
2024-10-14 12:00:00,7597.8901,HARD_MODE,1,1091.15
2024-10-15 04:00:00,7564.7002,HARD_MODE,1,1088.12
2024-10-15 08:00:00,7543.7002,HARD_MODE,1,1086.29
2024-10-15 12:00:00,7530.9902,HARD_MODE,1,1079.69
2024-10-16 04:00:00,7485.29,HARD_MODE,1,1078.62
2024-10-16 08:00:00,7477.8301,HARD_MODE,1,1080.92
2024-10-16 12:00:00,7493.77,HARD_MODE,1,1089.16
2024-10-17 04:00:00,7550.9102,HARD_MODE,-1,1083.25
2024-10-17 08:00:00,7576.8101,HARD_MODE,-1,1081.63
2024-10-17 12:00:00,7588.0698,HARD_MODE,-1,1077.1
2024-10-18 04:00:00,7619.5698,HARD_MODE,-1,1074.65
2024-10-18 08:00:00,7636.5498,HARD_MODE,-1,1078.11
2024-10-18 12:00:00,7612.5601,HARD_MODE,-1,1079.78
2024-10-21 04:00:00,7600.9102,HARD_MODE,-1,1088.77
2024-10-21 08:00:00,7538.5,HARD_MODE,-1,1089.73
2024-10-21 12:00:00,7531.8398,HARD_MODE,-1,1091.19
2024-10-22 04:00:00,7521.6499,HARD_MODE,-1,1094.31
2024-10-22 08:00:00,7500.0298,HARD_MODE,-1,1088.59
2024-10-22 12:00:00,7539.7202,HARD_MODE,0,1087.51
2024-10-23 04:00:00,7504.8101,HARD_MODE,0,1087.51
2024-10-23 08:00:00,7488.9702,HARD_MODE,0,1087.51
2024-10-23 12:00:00,7498.5801,HARD_MODE,0,1087.51
2024-10-24 04:00:00,7540.1602,HARD_MODE,0,1087.51
2024-10-24 08:00:00,7552.3999,HARD_MODE,1,1079.87
2024-10-24 12:00:00,7506.8501,HARD_MODE,1,1076.28
2024-10-25 04:00:00,7481.8901,HARD_MODE,1,1077.13
2024-10-25 08:00:00,7487.8301,HARD_MODE,1,1078.1
2024-10-25 12:00:00,7494.6001,HARD_MODE,1,1079.34
2024-10-28 08:00:00,7503.21,HARD_MODE,1,1088.01
2024-10-28 12:00:00,7563.4902,HARD_MODE,1,1088.11
2024-10-28 16:00:00,7564.1401,HARD_MODE,1,1088.98
2024-10-29 08:00:00,7570.1899,HARD_MODE,1,1080.7
2024-10-29 12:00:00,7512.6401,HARD_MODE,1,1080.07
2024-10-29 16:00:00,7508.2402,HARD_MODE,1,1062.97
2024-10-30 08:00:00,7389.3999,HARD_MODE,1,1069.89
2024-10-30 12:00:00,7437.4702,HARD_MODE,1,1067.81
2024-10-30 16:00:00,7423.0098,HARD_MODE,0,1066.74
2024-10-31 08:00:00,7355.6699,HARD_MODE,0,1066.74
2024-10-31 12:00:00,7333.6602,HARD_MODE,1,1066.23
2024-10-31 16:00:00,7337.48,HARD_MODE,1,1076.5
2024-11-01 08:00:00,7408.21,HARD_MODE,1,1079.35
2024-11-01 12:00:00,7427.8198,HARD_MODE,1,1077.11
2024-11-01 16:00:00,7412.3701,HARD_MODE,1,1079.35
2024-11-04 08:00:00,7427.7798,HARD_MODE,1,1074.04
2024-11-04 12:00:00,7391.2402,HARD_MODE,1,1071.66
2024-11-04 16:00:00,7374.8701,HARD_MODE,1,1072.07
2024-11-05 08:00:00,7377.6699,HARD_MODE,1,1076.32
2024-11-05 12:00:00,7406.9702,HARD_MODE,1,1076.46
2024-11-05 16:00:00,7407.8799,HARD_MODE,0,1075.38
2024-11-06 08:00:00,7464.8799,HARD_MODE,-1,1090.07
2024-11-06 12:00:00,7355.3301,HARD_MODE,-1,1090.36
2024-11-06 16:00:00,7353.3101,HARD_MODE,-1,1081.83
2024-11-07 08:00:00,7412.5801,HARD_MODE,-1,1077.59
2024-11-07 12:00:00,7442.04,HARD_MODE,-1,1080.16
2024-11-07 16:00:00,7424.1899,HARD_MODE,-1,1087.88
2024-11-08 08:00:00,7370.5298,HARD_MODE,0,1086.82
2024-11-08 12:00:00,7347.8301,HARD_MODE,0,1086.82
2024-11-08 16:00:00,7336.4302,HARD_MODE,0,1086.82
2024-11-11 08:00:00,7423.0898,HARD_MODE,0,1086.82
2024-11-11 12:00:00,7430.4399,HARD_MODE,0,1086.82
2024-11-11 16:00:00,7422.1099,HARD_MODE,0,1086.82
2024-11-12 08:00:00,7331.0801,HARD_MODE,1,1073.87
2024-11-12 12:00:00,7250.98,HARD_MODE,1,1069.96
2024-11-12 16:00:00,7224.5298,HARD_MODE,1,1067.97
2024-11-13 08:00:00,7211.1401,HARD_MODE,1,1064.71
2024-11-13 12:00:00,7189.0898,HARD_MODE,1,1067.53
2024-11-13 16:00:00,7208.1401,HARD_MODE,1,1080.13
2024-11-14 08:00:00,7293.25,HARD_MODE,0,1079.05
2024-11-14 12:00:00,7302.98,HARD_MODE,0,1079.05
2024-11-14 16:00:00,7309.9302,HARD_MODE,-1,1079.57
2024-11-15 08:00:00,7299.0898,HARD_MODE,-1,1083.1
2024-11-15 12:00:00,7275.1499,HARD_MODE,-1,1083.38
2024-11-15 16:00:00,7273.27,HARD_MODE,0,1082.31
2024-11-18 08:00:00,7250.6699,HARD_MODE,0,1082.31
2024-11-18 12:00:00,7275.0,HARD_MODE,0,1082.31
2024-11-18 16:00:00,7272.0,HARD_MODE,0,1082.31
2024-11-19 08:00:00,7191.96,HARD_MODE,1,1083.25
2024-11-19 12:00:00,7205.4199,HARD_MODE,1,1086.61
2024-11-19 16:00:00,7227.7798,HARD_MODE,1,1088.88
2024-11-20 08:00:00,7242.8901,HARD_MODE,1,1086.12
2024-11-20 12:00:00,7224.4902,HARD_MODE,1,1082.59
2024-11-20 16:00:00,7201.02,HARD_MODE,1,1079.74
2024-11-21 08:00:00,7182.1001,HARD_MODE,1,1085.67
2024-11-21 12:00:00,7221.5,HARD_MODE,0,1084.58
2024-11-21 16:00:00,7217.5498,HARD_MODE,0,1084.58
2024-11-22 08:00:00,7200.73,HARD_MODE,1,1090.91
2024-11-22 12:00:00,7250.0298,HARD_MODE,1,1091.01
2024-11-22 16:00:00,7250.6401,HARD_MODE,1,1090.56
2024-11-25 08:00:00,7247.7002,HARD_MODE,1,1093.7
2024-11-25 12:00:00,7268.52,HARD_MODE,1,1092.18
2024-11-25 16:00:00,7258.4702,HARD_MODE,0,1091.09
2024-11-26 08:00:00,7240.1699,HARD_MODE,0,1091.09
2024-11-26 12:00:00,7203.5698,HARD_MODE,0,1091.09
2024-11-26 16:00:00,7198.6802,HARD_MODE,0,1091.09
2024-11-27 08:00:00,7120.6099,HARD_MODE,0,1091.09
2024-11-27 12:00:00,7137.6001,HARD_MODE,0,1091.09
2024-11-27 16:00:00,7141.4702,HARD_MODE,0,1091.09
2024-11-28 08:00:00,7184.2998,HARD_MODE,0,1091.09
2024-11-28 12:00:00,7176.3599,HARD_MODE,0,1091.09
2024-11-28 16:00:00,7182.3198,HARD_MODE,0,1091.09
2024-11-29 08:00:00,7207.3701,HARD_MODE,0,1091.09
2024-11-29 12:00:00,7202.46,HARD_MODE,0,1091.09
2024-11-29 16:00:00,7235.8101,HARD_MODE,0,1091.09
2024-12-02 08:00:00,7217.9902,HARD_MODE,0,1091.09
2024-12-02 12:00:00,7207.52,HARD_MODE,1,1091.95
2024-12-02 16:00:00,7220.4399,HARD_MODE,1,1097.93
2024-12-03 08:00:00,7259.98,HARD_MODE,1,1096.04
2024-12-03 12:00:00,7247.4199,HARD_MODE,1,1097.42
2024-12-03 16:00:00,7256.6001,HARD_MODE,1,1102.35
2024-12-04 08:00:00,7289.1802,HARD_MODE,1,1104.77
2024-12-04 12:00:00,7305.2002,HARD_MODE,1,1104.34
2024-12-04 16:00:00,7302.3301,HARD_MODE,1,1106.94
2024-12-05 08:00:00,7319.5298,HARD_MODE,1,1108.73
2024-12-05 12:00:00,7331.3501,HARD_MODE,1,1110.12
2024-12-05 16:00:00,7340.5298,HARD_MODE,1,1123.23
2024-12-06 08:00:00,7427.23,HARD_MODE,0,1122.1
2024-12-06 12:00:00,7423.02,HARD_MODE,0,1122.1
2024-12-06 16:00:00,7431.5601,HARD_MODE,0,1122.1
2024-12-09 08:00:00,7464.8999,HARD_MODE,0,1122.1
2024-12-09 12:00:00,7492.1099,HARD_MODE,0,1122.1
2024-12-09 16:00:00,7486.4902,HARD_MODE,-1,1127.85
2024-12-10 08:00:00,7440.6099,HARD_MODE,-1,1133.24
2024-12-10 12:00:00,7404.6699,HARD_MODE,-1,1135.38
2024-12-10 16:00:00,7390.3301,HARD_MODE,-1,1132.6
2024-12-11 08:00:00,7408.8999,HARD_MODE,-1,1131.84
2024-12-11 12:00:00,7414.0,HARD_MODE,0,1130.73
2024-12-11 16:00:00,7428.8198,HARD_MODE,0,1130.73
2024-12-12 08:00:00,7417.5,HARD_MODE,0,1130.73
2024-12-12 12:00:00,7428.71,HARD_MODE,0,1130.73
2024-12-12 16:00:00,7424.5498,HARD_MODE,1,1132.09
2024-12-13 08:00:00,7440.9302,HARD_MODE,1,1125.24
2024-12-13 12:00:00,7395.9102,HARD_MODE,1,1126.16
2024-12-13 16:00:00,7401.9502,HARD_MODE,1,1118.25
2024-12-16 08:00:00,7349.9902,HARD_MODE,1,1119.77
2024-12-16 12:00:00,7359.98,HARD_MODE,1,1119.06
2024-12-16 16:00:00,7355.3301,HARD_MODE,0,1117.95
2024-12-17 08:00:00,7368.52,HARD_MODE,0,1117.95
2024-12-17 12:00:00,7373.5498,HARD_MODE,-1,1118.58
2024-12-17 16:00:00,7362.02,HARD_MODE,-1,1116.11
2024-12-18 08:00:00,7378.3198,HARD_MODE,-1,1114.04
2024-12-18 12:00:00,7391.9902,HARD_MODE,-1,1114.08
2024-12-18 16:00:00,7391.73,HARD_MODE,0,1112.95
2024-12-19 08:00:00,7281.46,HARD_MODE,0,1112.95
2024-12-19 12:00:00,7293.3101,HARD_MODE,0,1112.95
2024-12-19 16:00:00,7295.98,HARD_MODE,0,1112.95
2024-12-20 08:00:00,7213.2598,HARD_MODE,1,1120.66
2024-12-20 12:00:00,7270.4502,HARD_MODE,1,1123.06
2024-12-20 16:00:00,7286.0498,HARD_MODE,1,1120.49
2024-12-23 08:00:00,7269.3999,HARD_MODE,1,1118.34
2024-12-23 12:00:00,7255.4199,HARD_MODE,1,1120.5
2024-12-23 16:00:00,7269.4302,HARD_MODE,0,1119.38
2024-12-24 08:00:00,7310.46,HARD_MODE,0,1119.38
2024-12-24 12:00:00,7292.8398,HARD_MODE,0,1119.38
2024-12-27 08:00:00,7326.9302,HARD_MODE,-1,1115.52
2024-12-27 12:00:00,7344.9102,HARD_MODE,-1,1115.96
2024-12-27 16:00:00,7342.0,HARD_MODE,-1,1112.22
2024-12-30 08:00:00,7366.4902,HARD_MODE,-1,1121.73
2024-12-30 12:00:00,7304.1699,HARD_MODE,0,1120.62
2024-12-30 16:00:00,7312.6899,HARD_MODE,1,1127.21
2024-12-31 08:00:00,7363.0698,HARD_MODE,1,1129.61
2024-12-31 12:00:00,7378.75,HARD_MODE,1,1121.09
2025-01-02 08:00:00,7323.0601,HARD_MODE,1,1131.81
2025-01-02 12:00:00,7393.1401,HARD_MODE,1,1131.91
2025-01-02 16:00:00,7393.7798,HARD_MODE,1,1123.63
2025-01-03 08:00:00,7339.71,HARD_MODE,1,1115.38
2025-01-03 12:00:00,7285.7798,HARD_MODE,1,1113.92
2025-01-03 16:00:00,7276.2598,HARD_MODE,1,1137.2
2025-01-06 08:00:00,7428.3198,HARD_MODE,-1,1133.49
2025-01-06 12:00:00,7437.7598,HARD_MODE,-1,1131.87
2025-01-06 16:00:00,7448.3198,HARD_MODE,0,1130.73
2025-01-07 08:00:00,7494.4302,HARD_MODE,0,1130.73
2025-01-07 12:00:00,7493.6899,HARD_MODE,0,1130.73
2025-01-07 16:00:00,7497.9702,HARD_MODE,0,1130.73
2025-01-08 08:00:00,7439.3301,HARD_MODE,0,1130.73
2025-01-08 12:00:00,7441.27,HARD_MODE,0,1130.73
2025-01-08 16:00:00,7445.6699,HARD_MODE,1,1134.0
2025-01-09 08:00:00,7474.6499,HARD_MODE,1,1137.6
2025-01-09 12:00:00,7498.3701,HARD_MODE,1,1136.72
2025-01-09 16:00:00,7492.6099,HARD_MODE,1,1139.66
2025-01-10 08:00:00,7511.98,HARD_MODE,0,1138.52
2025-01-10 12:00:00,7438.5298,HARD_MODE,0,1138.52
2025-01-10 16:00:00,7425.1001,HARD_MODE,0,1138.52
2025-01-13 08:00:00,7370.7598,HARD_MODE,0,1138.52
2025-01-13 12:00:00,7415.1499,HARD_MODE,-1,1138.25
2025-01-13 16:00:00,7409.5098,HARD_MODE,-1,1126.31
2025-01-14 08:00:00,7487.3301,HARD_MODE,-1,1134.4
2025-01-14 12:00:00,7434.6299,HARD_MODE,0,1133.26
2025-01-14 16:00:00,7425.48,HARD_MODE,0,1133.26
2025-01-15 08:00:00,7471.1802,HARD_MODE,0,1133.26
2025-01-15 12:00:00,7494.0298,HARD_MODE,0,1133.26
2025-01-15 16:00:00,7493.52,HARD_MODE,1,1151.99
2025-01-16 08:00:00,7625.0098,HARD_MODE,0,1150.84
2025-01-16 12:00:00,7616.7598,HARD_MODE,0,1150.84
2025-01-16 16:00:00,7631.8101,HARD_MODE,0,1150.84
2025-01-17 08:00:00,7718.5898,HARD_MODE,0,1150.84
2025-01-17 12:00:00,7711.8398,HARD_MODE,0,1150.84
2025-01-17 16:00:00,7713.8301,HARD_MODE,0,1150.84
2025-01-20 08:00:00,7708.5298,HARD_MODE,0,1150.84
2025-01-20 12:00:00,7733.21,HARD_MODE,0,1150.84
2025-01-20 16:00:00,7732.52,HARD_MODE,0,1150.84
2025-01-21 08:00:00,7738.5601,HARD_MODE,0,1150.84
2025-01-21 12:00:00,7761.0601,HARD_MODE,0,1150.84
2025-01-21 16:00:00,7773.5601,HARD_MODE,0,1150.84
2025-01-22 08:00:00,7843.0698,HARD_MODE,0,1150.84
2025-01-22 12:00:00,7818.6499,HARD_MODE,0,1150.84
2025-01-22 16:00:00,7837.77,HARD_MODE,0,1150.84
2025-01-23 08:00:00,7867.3198,HARD_MODE,0,1150.84
2025-01-23 12:00:00,7889.8501,HARD_MODE,0,1150.84
2025-01-23 16:00:00,7895.98,HARD_MODE,0,1150.84
2025-01-24 08:00:00,7958.8599,HARD_MODE,-1,1155.72
2025-01-24 12:00:00,7917.0801,HARD_MODE,-1,1154.09
2025-01-24 16:00:00,7928.3599,HARD_MODE,-1,1163.45
2025-01-27 08:00:00,7863.6099,HARD_MODE,-1,1156.02
2025-01-27 12:00:00,7914.98,HARD_MODE,-1,1156.47
2025-01-27 16:00:00,7911.8999,HARD_MODE,0,1155.33
2025-01-28 08:00:00,7932.2402,HARD_MODE,0,1155.33
2025-01-28 12:00:00,7923.2798,HARD_MODE,0,1155.33
2025-01-28 16:00:00,7910.3599,HARD_MODE,0,1155.33
2025-01-29 08:00:00,7881.5298,HARD_MODE,0,1155.33
2025-01-29 12:00:00,7866.4702,HARD_MODE,0,1155.33
2025-01-29 16:00:00,7866.27,HARD_MODE,0,1155.33
2025-01-30 08:00:00,7917.7598,HARD_MODE,0,1155.33
2025-01-30 12:00:00,7937.04,HARD_MODE,0,1155.33
2025-01-30 16:00:00,7948.2002,HARD_MODE,0,1155.33
2025-01-31 08:00:00,7981.1602,HARD_MODE,0,1155.33
2025-01-31 12:00:00,7948.27,HARD_MODE,0,1155.33
2025-01-31 16:00:00,7940.5098,HARD_MODE,0,1155.33
2025-02-03 08:00:00,7813.3799,HARD_MODE,0,1155.33
2025-02-03 12:00:00,7850.1899,HARD_MODE,0,1155.33
2025-02-03 16:00:00,7844.48,HARD_MODE,0,1155.33
2025-02-04 08:00:00,7875.5098,HARD_MODE,0,1155.33
2025-02-04 12:00:00,7901.4102,HARD_MODE,0,1155.33
2025-02-04 16:00:00,7913.4302,HARD_MODE,0,1155.33
2025-02-05 08:00:00,7895.3799,HARD_MODE,1,1152.07
2025-02-05 12:00:00,7881.04,HARD_MODE,1,1151.95
2025-02-05 16:00:00,7880.1602,HARD_MODE,1,1162.51
2025-02-06 08:00:00,7952.4102,HARD_MODE,1,1168.07
2025-02-06 12:00:00,7990.4702,HARD_MODE,1,1172.85
2025-02-06 16:00:00,8023.1802,HARD_MODE,1,1169.89
2025-02-07 08:00:00,8002.9102,HARD_MODE,1,1164.53
2025-02-07 12:00:00,7966.2798,HARD_MODE,1,1163.53
2025-02-07 16:00:00,7959.3799,HARD_MODE,1,1168.15
2025-02-10 08:00:00,7991.0,HARD_MODE,1,1169.36
2025-02-10 12:00:00,7999.27,HARD_MODE,1,1171.43
2025-02-10 16:00:00,8013.48,HARD_MODE,1,1170.39
2025-02-11 08:00:00,8006.3198,HARD_MODE,1,1173.83
2025-02-11 12:00:00,8029.8901,HARD_MODE,1,1174.01
2025-02-11 16:00:00,8031.1001,HARD_MODE,1,1172.92
2025-02-12 08:00:00,8023.6401,HARD_MODE,1,1177.85
2025-02-12 12:00:00,8057.3599,HARD_MODE,1,1176.61
2025-02-12 16:00:00,8048.8999,HARD_MODE,1,1191.24
2025-02-13 08:00:00,8148.9702,HARD_MODE,1,1192.73
2025-02-13 12:00:00,8159.1401,HARD_MODE,1,1192.96
2025-02-13 16:00:00,8160.73,HARD_MODE,1,1198.7
2025-02-14 08:00:00,8200.0195,HARD_MODE,0,1197.5
2025-02-14 12:00:00,8186.5601,HARD_MODE,0,1197.5
2025-02-14 16:00:00,8173.9702,HARD_MODE,0,1197.5
2025-02-17 08:00:00,8177.8301,HARD_MODE,0,1197.5
2025-02-17 12:00:00,8191.6401,HARD_MODE,0,1197.5
2025-02-17 16:00:00,8196.96,HARD_MODE,0,1197.5
2025-02-18 08:00:00,8189.8198,HARD_MODE,0,1197.5
2025-02-18 12:00:00,8223.5996,HARD_MODE,0,1197.5
2025-02-18 16:00:00,8220.7598,HARD_MODE,0,1197.5
2025-02-19 08:00:00,8139.21,HARD_MODE,0,1197.5
2025-02-19 12:00:00,8103.3999,HARD_MODE,0,1197.5
2025-02-19 16:00:00,8101.04,HARD_MODE,0,1197.5
2025-02-20 08:00:00,8147.8501,HARD_MODE,-1,1201.29
2025-02-20 12:00:00,8113.8901,HARD_MODE,-1,1200.26
2025-02-20 16:00:00,8120.96,HARD_MODE,-1,1194.6
2025-02-21 08:00:00,8159.4902,HARD_MODE,-1,1196.65
2025-02-21 12:00:00,8145.5,HARD_MODE,-1,1196.17
2025-02-21 16:00:00,8148.77,HARD_MODE,-1,1197.84
2025-02-24 08:00:00,8137.4302,HARD_MODE,0,1196.64
2025-02-24 12:00:00,8074.96,HARD_MODE,0,1196.64
2025-02-24 16:00:00,8088.4502,HARD_MODE,0,1196.64
2025-02-25 08:00:00,8090.77,HARD_MODE,0,1196.64
2025-02-25 12:00:00,8057.27,HARD_MODE,0,1196.64
2025-02-25 16:00:00,8047.7798,HARD_MODE,1,1209.03
2025-02-26 08:00:00,8139.21,HARD_MODE,1,1208.6
2025-02-26 12:00:00,8136.3101,HARD_MODE,1,1210.03
2025-02-26 16:00:00,8145.9902,HARD_MODE,1,1206.27
2025-02-27 08:00:00,8120.6699,HARD_MODE,1,1201.71
2025-02-27 12:00:00,8089.9199,HARD_MODE,1,1201.58
2025-02-27 16:00:00,8089.1001,HARD_MODE,1,1200.43
2025-02-28 08:00:00,8081.3198,HARD_MODE,1,1202.4
2025-02-28 12:00:00,8094.5898,HARD_MODE,0,1201.2
2025-02-28 16:00:00,8090.1299,HARD_MODE,0,1201.2
2025-03-03 08:00:00,8200.5996,HARD_MODE,0,1201.2
2025-03-03 12:00:00,8230.8398,HARD_MODE,0,1201.2
2025-03-03 16:00:00,8212.3496,HARD_MODE,0,1201.2
2025-03-04 08:00:00,8089.4702,HARD_MODE,1,1192.74
2025-03-04 12:00:00,8040.5601,HARD_MODE,1,1190.79
2025-03-04 16:00:00,8027.3799,HARD_MODE,1,1215.95
2025-03-05 08:00:00,8197.04,HARD_MODE,-1,1211.7
2025-03-05 12:00:00,8209.3799,HARD_MODE,-1,1213.83
2025-03-05 16:00:00,8194.9902,HARD_MODE,-1,1223.11
2025-03-06 08:00:00,8132.27,HARD_MODE,0,1221.91
2025-03-06 12:00:00,8205.7695,HARD_MODE,0,1221.91
2025-03-06 16:00:00,8224.5,HARD_MODE,0,1221.91
2025-03-07 08:00:00,8117.98,HARD_MODE,0,1221.91
2025-03-07 12:00:00,8139.4399,HARD_MODE,0,1221.91
2025-03-07 16:00:00,8107.54,HARD_MODE,1,1219.98
2025-03-10 08:00:00,8102.8599,HARD_MODE,1,1213.25
2025-03-10 12:00:00,8058.1602,HARD_MODE,1,1211.54
2025-03-10 16:00:00,8046.7798,HARD_MODE,1,1210.38
2025-03-11 08:00:00,8039.1201,HARD_MODE,0,1209.17
2025-03-11 12:00:00,7944.8599,HARD_MODE,0,1209.17
2025-03-11 16:00:00,7931.4502,HARD_MODE,0,1209.17
2025-03-12 08:00:00,8049.9302,HARD_MODE,-1,1218.51
2025-03-12 12:00:00,7979.6802,HARD_MODE,-1,1217.54
2025-03-12 16:00:00,7986.1001,HARD_MODE,-1,1220.84
2025-03-13 08:00:00,7964.1602,HARD_MODE,-1,1223.78
2025-03-13 12:00:00,7944.5098,HARD_MODE,-1,1224.06
2025-03-13 16:00:00,7942.6602,HARD_MODE,0,1222.87
2025-03-14 08:00:00,8035.1001,HARD_MODE,0,1222.87
2025-03-14 12:00:00,8029.7002,HARD_MODE,0,1222.87
2025-03-14 16:00:00,8025.8301,HARD_MODE,0,1222.87
2025-03-17 08:00:00,8050.5498,HARD_MODE,0,1222.87
2025-03-17 12:00:00,8067.4199,HARD_MODE,0,1222.87
2025-03-17 16:00:00,8072.9702,HARD_MODE,1,1229.53
2025-03-18 08:00:00,8125.0698,HARD_MODE,1,1225.75
2025-03-18 12:00:00,8100.0601,HARD_MODE,1,1228.35
2025-03-18 16:00:00,8117.2998,HARD_MODE,1,1231.33
2025-03-19 08:00:00,8136.9502,HARD_MODE,1,1237.74
2025-03-19 12:00:00,8179.3198,HARD_MODE,1,1237.83
2025-03-19 16:00:00,8179.9199,HARD_MODE,1,1224.02
2025-03-20 08:00:00,8088.6699,HARD_MODE,1,1225.38
2025-03-20 12:00:00,8097.6401,HARD_MODE,1,1224.65
2025-03-20 16:00:00,8092.79,HARD_MODE,1,1215.36
2025-03-21 08:00:00,8031.4199,HARD_MODE,1,1215.67
2025-03-21 12:00:00,8033.4702,HARD_MODE,1,1217.95
2025-03-21 16:00:00,8048.5601,HARD_MODE,1,1217.31
2025-03-24 08:00:00,8044.3301,HARD_MODE,1,1214.55
2025-03-24 12:00:00,8026.0801,HARD_MODE,1,1214.17
2025-03-24 16:00:00,8023.54,HARD_MODE,1,1231.31
2025-03-25 08:00:00,8136.8599,HARD_MODE,1,1224.74
2025-03-25 12:00:00,8093.4102,HARD_MODE,1,1227.0
2025-03-25 16:00:00,8108.3398,HARD_MODE,1,1219.29
2025-03-26 08:00:00,8057.4302,HARD_MODE,1,1217.83
2025-03-26 12:00:00,8047.7202,HARD_MODE,1,1214.74
2025-03-26 16:00:00,8027.3599,HARD_MODE,1,1208.28
2025-03-27 08:00:00,7984.6499,HARD_MODE,1,1207.97
2025-03-27 12:00:00,7982.6099,HARD_MODE,1,1208.37
2025-03-27 16:00:00,7985.23,HARD_MODE,1,1203.85
2025-03-28 08:00:00,7955.3999,HARD_MODE,1,1198.58
2025-03-28 12:00:00,7920.54,HARD_MODE,1,1197.31
2025-03-28 16:00:00,7912.1299,HARD_MODE,1,1187.14
2025-03-31 04:00:00,7844.9199,HARD_MODE,1,1175.48
2025-03-31 08:00:00,7767.8999,HARD_MODE,1,1179.31
2025-03-31 12:00:00,7793.21,HARD_MODE,1,1184.72
2025-04-01 04:00:00,7828.96,HARD_MODE,-1,1179.06
2025-04-01 08:00:00,7850.7598,HARD_MODE,-1,1175.25
2025-04-01 12:00:00,7876.0298,HARD_MODE,-1,1181.79
2025-04-02 04:00:00,7832.71,HARD_MODE,-1,1184.16
2025-04-02 08:00:00,7817.0298,HARD_MODE,-1,1179.2
2025-04-02 12:00:00,7849.8398,HARD_MODE,-1,1198.76
2025-04-03 04:00:00,7720.3101,HARD_MODE,0,1197.6
2025-04-03 08:00:00,7634.1299,HARD_MODE,0,1197.6
2025-04-03 12:00:00,7591.4902,HARD_MODE,0,1197.6
2025-04-04 04:00:00,7499.46,HARD_MODE,1,1169.15
2025-04-04 08:00:00,7328.6401,HARD_MODE,1,1163.92
2025-04-04 12:00:00,7295.8701,HARD_MODE,1,1093.18
2025-04-07 04:00:00,6852.48,HARD_MODE,1,1101.87
2025-04-07 08:00:00,6906.9502,HARD_MODE,1,1104.38
2025-04-07 12:00:00,6922.6802,HARD_MODE,1,1119.81
2025-04-08 04:00:00,7019.3799,HARD_MODE,1,1132.26
2025-04-08 08:00:00,7097.4399,HARD_MODE,1,1131.43
2025-04-08 12:00:00,7092.2002,HARD_MODE,1,1109.94
2025-04-09 04:00:00,6957.5,HARD_MODE,1,1086.53
2025-04-09 08:00:00,6810.79,HARD_MODE,1,1096.94
2025-04-09 12:00:00,6876.02,HARD_MODE,1,1154.94
2025-04-10 04:00:00,7239.6001,HARD_MODE,-1,1156.58
2025-04-10 08:00:00,7214.7998,HARD_MODE,-1,1166.65
2025-04-10 12:00:00,7151.54,HARD_MODE,0,1165.52
2025-04-11 04:00:00,7124.2002,HARD_MODE,0,1165.52
2025-04-11 08:00:00,7091.21,HARD_MODE,1,1166.61
2025-04-11 12:00:00,7104.9702,HARD_MODE,1,1191.8
2025-04-14 04:00:00,7258.3901,HARD_MODE,1,1190.07
2025-04-14 08:00:00,7247.8398,HARD_MODE,1,1193.16
2025-04-14 12:00:00,7266.6499,HARD_MODE,1,1195.21
2025-04-15 04:00:00,7279.1499,HARD_MODE,1,1194.33
2025-04-15 08:00:00,7273.77,HARD_MODE,1,1204.69
2025-04-15 12:00:00,7336.9102,HARD_MODE,1,1191.89
2025-04-16 04:00:00,7258.9102,HARD_MODE,1,1197.86
2025-04-16 08:00:00,7295.27,HARD_MODE,1,1203.91
2025-04-16 12:00:00,7332.1401,HARD_MODE,1,1199.13
2025-04-17 04:00:00,7303.04,HARD_MODE,1,1193.15
2025-04-17 08:00:00,7266.5898,HARD_MODE,1,1196.82
2025-04-17 12:00:00,7288.98,HARD_MODE,1,1187.02
2025-04-22 04:00:00,7229.2998,HARD_MODE,1,1188.93
2025-04-22 08:00:00,7240.8901,HARD_MODE,1,1202.11
2025-04-22 12:00:00,7321.1802,HARD_MODE,1,1226.73
2025-04-23 04:00:00,7471.1299,HARD_MODE,1,1226.94
2025-04-23 08:00:00,7472.4199,HARD_MODE,1,1229.58
2025-04-23 12:00:00,7488.4702,HARD_MODE,1,1218.27
2025-04-24 04:00:00,7419.6201,HARD_MODE,1,1226.09
2025-04-24 08:00:00,7467.21,HARD_MODE,1,1231.06
2025-04-24 12:00:00,7497.4702,HARD_MODE,1,1239.81
2025-04-25 04:00:00,7550.7998,HARD_MODE,1,1237.18
2025-04-25 08:00:00,7534.7402,HARD_MODE,1,1237.93
2025-04-25 12:00:00,7539.3398,HARD_MODE,1,1242.61
2025-04-28 04:00:00,7567.8301,HARD_MODE,1,1248.02
2025-04-28 08:00:00,7600.79,HARD_MODE,1,1243.04
2025-04-28 12:00:00,7570.4502,HARD_MODE,1,1244.33
2025-04-29 04:00:00,7578.3198,HARD_MODE,1,1241.25
2025-04-29 08:00:00,7559.5698,HARD_MODE,1,1242.3
2025-04-29 12:00:00,7565.96,HARD_MODE,1,1245.02
2025-04-30 04:00:00,7582.5,HARD_MODE,1,1248.58
2025-04-30 08:00:00,7604.21,HARD_MODE,1,1246.53
2025-04-30 12:00:00,7591.73,HARD_MODE,1,1262.11
2025-05-02 04:00:00,7686.5898,HARD_MODE,1,1265.95
2025-05-02 08:00:00,7709.9902,HARD_MODE,1,1276.45
2025-05-02 12:00:00,7773.9502,HARD_MODE,1,1270.39
2025-05-05 04:00:00,7737.0498,HARD_MODE,1,1268.08
2025-05-05 08:00:00,7722.9702,HARD_MODE,1,1269.66
2025-05-05 12:00:00,7732.5801,HARD_MODE,1,1266.01
2025-05-06 04:00:00,7710.3398,HARD_MODE,1,1264.22
2025-05-06 08:00:00,7699.4302,HARD_MODE,1,1263.87
2025-05-06 12:00:00,7697.3101,HARD_MODE,1,1257.69
2025-05-07 04:00:00,7659.6699,HARD_MODE,1,1256.84
2025-05-07 08:00:00,7654.48,HARD_MODE,1,1251.7
2025-05-07 12:00:00,7623.2002,HARD_MODE,1,1257.24
2025-05-08 04:00:00,7656.9302,HARD_MODE,-1,1245.37
2025-05-08 08:00:00,7714.0498,HARD_MODE,-1,1247.75
2025-05-08 12:00:00,7699.5298,HARD_MODE,-1,1241.92
2025-05-09 04:00:00,7735.0801,HARD_MODE,-1,1240.81
2025-05-09 08:00:00,7741.8599,HARD_MODE,-1,1241.24
2025-05-09 12:00:00,7739.25,HARD_MODE,-1,1230.28
2025-05-12 04:00:00,7806.0898,HARD_MODE,-1,1223.32
2025-05-12 08:00:00,7848.5698,HARD_MODE,-1,1223.22
2025-05-12 12:00:00,7849.1699,HARD_MODE,-1,1222.67
2025-05-13 04:00:00,7852.5801,HARD_MODE,-1,1222.05
2025-05-13 08:00:00,7856.3301,HARD_MODE,-1,1220.44
2025-05-13 12:00:00,7866.1899,HARD_MODE,-1,1223.14
2025-05-14 04:00:00,7849.71,HARD_MODE,-1,1224.47
2025-05-14 08:00:00,7841.5498,HARD_MODE,-1,1226.99
2025-05-14 12:00:00,7826.1899,HARD_MODE,-1,1230.96
2025-05-15 04:00:00,7801.9702,HARD_MODE,-1,1227.54
2025-05-15 08:00:00,7822.8101,HARD_MODE,-1,1223.32
2025-05-15 12:00:00,7848.5898,HARD_MODE,-1,1215.32
2025-05-16 04:00:00,7897.4302,HARD_MODE,-1,1215.81
2025-05-16 08:00:00,7894.4399,HARD_MODE,-1,1218.48
2025-05-16 12:00:00,7878.1001,HARD_MODE,-1,1223.44
2025-05-19 04:00:00,7847.8301,HARD_MODE,-1,1226.2
2025-05-19 08:00:00,7831.0298,HARD_MODE,0,1224.91
2025-05-19 12:00:00,7871.54,HARD_MODE,0,1224.91
2025-05-20 04:00:00,7888.1299,HARD_MODE,0,1224.91
2025-05-20 08:00:00,7932.7598,HARD_MODE,0,1224.91
2025-05-20 12:00:00,7944.1699,HARD_MODE,0,1224.91
2025-05-21 04:00:00,7914.8198,HARD_MODE,0,1224.91
2025-05-21 08:00:00,7893.6802,HARD_MODE,0,1224.91
2025-05-21 12:00:00,7912.8701,HARD_MODE,0,1224.91
2025-05-22 04:00:00,7847.1099,HARD_MODE,0,1224.91
2025-05-22 08:00:00,7819.4102,HARD_MODE,0,1224.91
2025-05-22 12:00:00,7855.3101,HARD_MODE,0,1224.91
2025-05-23 04:00:00,7865.5601,HARD_MODE,0,1224.91
2025-05-23 08:00:00,7666.1899,HARD_MODE,1,1232.21
2025-05-23 12:00:00,7719.6099,HARD_MODE,1,1248.83
2025-05-26 04:00:00,7823.7002,HARD_MODE,1,1249.59
2025-05-26 08:00:00,7828.4502,HARD_MODE,1,1249.02
2025-05-26 12:00:00,7824.9102,HARD_MODE,1,1251.94
2025-05-27 04:00:00,7843.21,HARD_MODE,-1,1249.95
2025-05-27 08:00:00,7840.0498,HARD_MODE,-1,1249.62
2025-05-27 12:00:00,7842.1201,HARD_MODE,-1,1248.68
2025-05-28 04:00:00,7847.9702,HARD_MODE,0,1247.43
2025-05-28 08:00:00,7819.9399,HARD_MODE,1,1241.33
2025-05-28 12:00:00,7789.4502,HARD_MODE,1,1253.97
2025-05-29 04:00:00,7868.7798,HARD_MODE,1,1248.95
2025-05-29 08:00:00,7837.2598,HARD_MODE,1,1241.27
2025-05-29 12:00:00,7789.0801,HARD_MODE,1,1241.55
2025-05-30 04:00:00,7790.8599,HARD_MODE,1,1242.64
2025-05-30 08:00:00,7797.7002,HARD_MODE,1,1236.05
2025-05-30 12:00:00,7756.3501,HARD_MODE,1,1225.04
2025-06-02 04:00:00,7687.27,HARD_MODE,1,1229.51
2025-06-02 08:00:00,7715.3301,HARD_MODE,1,1233.6
2025-06-02 12:00:00,7740.96,HARD_MODE,1,1229.3
2025-06-03 04:00:00,7713.9702,HARD_MODE,1,1230.47
2025-06-03 08:00:00,7721.3101,HARD_MODE,1,1237.2
2025-06-03 12:00:00,7763.5498,HARD_MODE,1,1243.94
2025-06-04 04:00:00,7805.8301,HARD_MODE,1,1245.91
2025-06-04 08:00:00,7818.2202,HARD_MODE,1,1244.09
2025-06-04 12:00:00,7806.7598,HARD_MODE,1,1247.1
2025-06-05 04:00:00,7825.6802,HARD_MODE,1,1247.21
2025-06-05 08:00:00,7826.3901,HARD_MODE,1,1242.19
2025-06-05 12:00:00,7794.8701,HARD_MODE,1,1239.55
2025-06-06 04:00:00,7778.2998,HARD_MODE,1,1241.21
2025-06-06 08:00:00,7788.7402,HARD_MODE,1,1242.7
2025-06-06 12:00:00,7798.04,HARD_MODE,1,1242.67
2025-06-09 04:00:00,7797.8799,HARD_MODE,1,1239.89
2025-06-09 08:00:00,7780.46,HARD_MODE,1,1240.87
2025-06-09 12:00:00,7786.6099,HARD_MODE,1,1244.9
2025-06-10 04:00:00,7811.8501,HARD_MODE,1,1241.62
2025-06-10 08:00:00,7791.3198,HARD_MODE,1,1243.57
2025-06-10 12:00:00,7803.5,HARD_MODE,1,1248.26
2025-06-11 04:00:00,7832.9702,HARD_MODE,1,1241.12
2025-06-11 08:00:00,7788.1299,HARD_MODE,1,1239.34
2025-06-11 12:00:00,7776.9702,HARD_MODE,1,1228.71
2025-06-12 04:00:00,7710.3101,HARD_MODE,1,1230.56
2025-06-12 08:00:00,7721.8901,HARD_MODE,1,1237.05
2025-06-12 12:00:00,7762.6299,HARD_MODE,1,1225.97
2025-06-13 04:00:00,7693.0801,HARD_MODE,1,1227.75
2025-06-13 08:00:00,7704.23,HARD_MODE,1,1223.52
2025-06-13 12:00:00,7677.71,HARD_MODE,1,1231.71
2025-06-16 04:00:00,7729.1201,HARD_MODE,1,1235.51
2025-06-16 08:00:00,7752.9302,HARD_MODE,-1,1235.39
2025-06-16 12:00:00,7738.1201,HARD_MODE,-1,1244.48
2025-06-17 04:00:00,7680.96,HARD_MODE,-1,1241.92
2025-06-17 08:00:00,7697.0698,HARD_MODE,-1,1244.08
2025-06-17 12:00:00,7683.5,HARD_MODE,0,1242.86
2025-06-18 04:00:00,7700.1699,HARD_MODE,0,1242.86
2025-06-18 08:00:00,7674.02,HARD_MODE,0,1242.86
2025-06-18 12:00:00,7660.77,HARD_MODE,0,1242.86
2025-06-19 04:00:00,7589.3799,HARD_MODE,0,1242.86
2025-06-19 08:00:00,7589.5698,HARD_MODE,1,1236.22
2025-06-19 12:00:00,7556.6099,HARD_MODE,1,1245.36
2025-06-20 04:00:00,7612.4399,HARD_MODE,1,1247.72
2025-06-20 08:00:00,7626.8799,HARD_MODE,1,1240.07
2025-06-20 12:00:00,7580.1201,HARD_MODE,1,1240.41
2025-06-23 04:00:00,7582.1899,HARD_MODE,1,1231.17
2025-06-23 08:00:00,7525.7002,HARD_MODE,1,1233.4
2025-06-23 12:00:00,7539.3301,HARD_MODE,1,1250.59
2025-06-24 04:00:00,7644.46,HARD_MODE,-1,1250.46
2025-06-24 08:00:00,7629.98,HARD_MODE,-1,1251.84
2025-06-24 12:00:00,7621.5,HARD_MODE,-1,1249.87
2025-06-25 04:00:00,7633.6001,HARD_MODE,-1,1255.97
2025-06-25 08:00:00,7596.25,HARD_MODE,0,1254.73
2025-06-25 12:00:00,7561.1699,HARD_MODE,1,1253.9
2025-06-26 04:00:00,7563.75,HARD_MODE,1,1255.96
2025-06-26 08:00:00,7576.1802,HARD_MODE,1,1253.46
2025-06-26 12:00:00,7561.0801,HARD_MODE,1,1270.45
2025-06-27 04:00:00,7663.5801,HARD_MODE,0,1269.18
2025-06-27 08:00:00,7666.2402,HARD_MODE,0,1269.18
2025-06-27 12:00:00,7689.48,HARD_MODE,1,1269.25
2025-06-30 04:00:00,7697.6299,HARD_MODE,1,1269.06
2025-06-30 08:00:00,7696.4702,HARD_MODE,1,1266.31
2025-06-30 12:00:00,7679.7998,HARD_MODE,1,1262.93
2025-07-01 04:00:00,7659.2798,HARD_MODE,1,1258.34
2025-07-01 08:00:00,7631.48,HARD_MODE,1,1264.18
2025-07-01 12:00:00,7666.8599,HARD_MODE,1,1268.78
2025-07-02 04:00:00,7694.7598,HARD_MODE,0,1267.51
2025-07-02 08:00:00,7759.4702,HARD_MODE,0,1267.51
2025-07-02 12:00:00,7740.8999,HARD_MODE,0,1267.51
2025-07-03 04:00:00,7751.8501,HARD_MODE,0,1267.51
2025-07-03 08:00:00,7735.9302,HARD_MODE,0,1267.51
2025-07-03 12:00:00,7753.2598,HARD_MODE,0,1267.51
2025-07-04 04:00:00,7689.0698,HARD_MODE,0,1267.51
2025-07-04 08:00:00,7685.3198,HARD_MODE,0,1267.51
2025-07-04 12:00:00,7693.8901,HARD_MODE,1,1267.86
2025-07-07 04:00:00,7703.6899,HARD_MODE,1,1270.42
2025-07-07 08:00:00,7719.2998,HARD_MODE,1,1270.48
2025-07-07 12:00:00,7719.6401,HARD_MODE,1,1271.02
2025-07-08 04:00:00,7722.8999,HARD_MODE,-1,1270.54
2025-07-08 08:00:00,7710.3701,HARD_MODE,-1,1262.49
2025-07-08 12:00:00,7759.3799,HARD_MODE,-1,1253.74
2025-07-09 04:00:00,7812.6499,HARD_MODE,-1,1244.66
2025-07-09 08:00:00,7867.8999,HARD_MODE,-1,1242.62
2025-07-09 12:00:00,7880.3101,HARD_MODE,-1,1236.5
2025-07-10 04:00:00,7917.5601,HARD_MODE,-1,1237.52
2025-07-10 08:00:00,7911.3799,HARD_MODE,-1,1238.86
2025-07-10 12:00:00,7903.2002,HARD_MODE,-1,1245.43
2025-07-11 04:00:00,7863.2202,HARD_MODE,-1,1249.77
2025-07-11 08:00:00,7836.77,HARD_MODE,-1,1251.96
2025-07-11 12:00:00,7823.48,HARD_MODE,-1,1257.57
2025-07-14 04:00:00,7789.2798,HARD_MODE,-1,1256.25
2025-07-14 08:00:00,7797.3301,HARD_MODE,0,1254.97
2025-07-14 12:00:00,7809.0801,HARD_MODE,0,1254.97
2025-07-15 04:00:00,7828.3501,HARD_MODE,0,1254.97
2025-07-15 08:00:00,7807.04,HARD_MODE,0,1254.97
2025-07-15 12:00:00,7768.46,HARD_MODE,0,1254.97
2025-07-16 04:00:00,7757.6099,HARD_MODE,0,1254.97
2025-07-16 08:00:00,7770.9502,HARD_MODE,1,1249.41
2025-07-16 12:00:00,7744.25,HARD_MODE,1,1258.75
2025-07-17 04:00:00,7802.1602,HARD_MODE,1,1256.05
2025-07-17 08:00:00,7785.4502,HARD_MODE,1,1261.58
2025-07-17 12:00:00,7819.6802,HARD_MODE,1,1270.11
2025-07-18 04:00:00,7872.54,HARD_MODE,1,1263.39
2025-07-18 08:00:00,7830.9199,HARD_MODE,1,1261.97
2025-07-18 12:00:00,7822.1001,HARD_MODE,1,1258.8
2025-07-21 04:00:00,7802.4399,HARD_MODE,1,1256.93
2025-07-21 08:00:00,7790.8799,HARD_MODE,1,1257.8
2025-07-21 12:00:00,7796.2798,HARD_MODE,1,1251.67
2025-07-22 04:00:00,7758.2998,HARD_MODE,1,1249.35
2025-07-22 08:00:00,7743.8901,HARD_MODE,1,1248.62
2025-07-22 12:00:00,7739.3701,HARD_MODE,1,1262.97
2025-07-23 04:00:00,7828.3398,HARD_MODE,1,1263.79
2025-07-23 08:00:00,7833.3701,HARD_MODE,1,1267.75
2025-07-23 12:00:00,7857.9399,HARD_MODE,1,1270.57
2025-07-24 04:00:00,7875.3999,HARD_MODE,1,1266.66
2025-07-24 08:00:00,7851.2002,HARD_MODE,1,1262.02
2025-07-24 12:00:00,7822.4302,HARD_MODE,1,1256.73
2025-07-25 04:00:00,7789.6201,HARD_MODE,1,1259.79
2025-07-25 08:00:00,7808.6001,HARD_MODE,1,1265.8
2025-07-25 12:00:00,7845.8701,HARD_MODE,1,1275.44
2025-07-28 04:00:00,7905.6099,HARD_MODE,-1,1281.03
2025-07-28 08:00:00,7855.0601,HARD_MODE,-1,1290.26
2025-07-28 12:00:00,7797.7202,HARD_MODE,-1,1276.89
2025-07-29 04:00:00,7880.7598,HARD_MODE,-1,1273.94
2025-07-29 08:00:00,7899.1299,HARD_MODE,-1,1281.45
2025-07-29 12:00:00,7852.46,HARD_MODE,-1,1278.76
2025-07-30 04:00:00,7869.1499,HARD_MODE,-1,1274.95
2025-07-30 08:00:00,7892.8501,HARD_MODE,-1,1278.21
2025-07-30 12:00:00,7872.5898,HARD_MODE,-1,1276.12
2025-07-31 04:00:00,7885.5801,HARD_MODE,-1,1284.55
2025-07-31 08:00:00,7833.2202,HARD_MODE,-1,1292.26
2025-07-31 12:00:00,7785.3101,HARD_MODE,0,1291.01
2025-08-01 04:00:00,7652.3301,HARD_MODE,0,1291.01
2025-08-01 08:00:00,7609.6899,HARD_MODE,0,1291.01
2025-08-01 12:00:00,7551.52,HARD_MODE,0,1291.01
2025-08-04 04:00:00,7613.9102,HARD_MODE,0,1291.01
2025-08-04 08:00:00,7611.1499,HARD_MODE,1,1293.05
2025-08-04 12:00:00,7630.8301,HARD_MODE,1,1294.14
2025-08-05 04:00:00,7637.27,HARD_MODE,1,1296.78
2025-08-05 08:00:00,7652.8198,HARD_MODE,1,1292.54
2025-08-05 12:00:00,7627.8101,HARD_MODE,1,1299.81
2025-08-06 04:00:00,7670.7202,HARD_MODE,1,1295.23
2025-08-06 08:00:00,7643.71,HARD_MODE,1,1294.54
2025-08-06 12:00:00,7639.6401,HARD_MODE,1,1298.22
2025-08-07 04:00:00,7661.3301,HARD_MODE,1,1307.64
2025-08-07 08:00:00,7716.9302,HARD_MODE,1,1306.15
2025-08-07 12:00:00,7708.1099,HARD_MODE,1,1308.39
2025-08-08 04:00:00,7721.3799,HARD_MODE,1,1308.98
2025-08-08 08:00:00,7724.8599,HARD_MODE,1,1313.61
2025-08-08 12:00:00,7752.1499,HARD_MODE,1,1309.61
2025-08-11 04:00:00,7728.5601,HARD_MODE,1,1309.28
2025-08-11 08:00:00,7726.6099,HARD_MODE,1,1304.47
2025-08-11 12:00:00,7698.23,HARD_MODE,1,1310.63
2025-08-12 04:00:00,7734.5601,HARD_MODE,1,1305.89
2025-08-12 08:00:00,7706.6099,HARD_MODE,1,1314.41
2025-08-12 12:00:00,7756.8999,HARD_MODE,0,1313.1
2025-08-13 04:00:00,7778.1499,HARD_MODE,0,1313.1
2025-08-13 08:00:00,7793.1001,HARD_MODE,0,1313.1
2025-08-13 12:00:00,7814.79,HARD_MODE,0,1313.1
2025-08-14 04:00:00,7834.71,HARD_MODE,0,1313.1
2025-08-14 08:00:00,7853.3101,HARD_MODE,0,1313.1
2025-08-14 12:00:00,7862.2598,HARD_MODE,0,1313.1
2025-08-15 04:00:00,7915.29,HARD_MODE,-1,1311.49
2025-08-15 08:00:00,7917.0898,HARD_MODE,-1,1310.03
2025-08-15 12:00:00,7925.8901,HARD_MODE,-1,1316.82
2025-08-18 04:00:00,7884.9399,HARD_MODE,-1,1319.92
2025-08-18 08:00:00,7866.2402,HARD_MODE,-1,1318.0
2025-08-18 12:00:00,7877.7998,HARD_MODE,-1,1311.29
2025-08-19 04:00:00,7918.29,HARD_MODE,-1,1305.31
2025-08-19 08:00:00,7954.3599,HARD_MODE,-1,1300.69
2025-08-19 12:00:00,7982.23,HARD_MODE,-1,1304.19
2025-08-20 04:00:00,7961.1499,HARD_MODE,-1,1299.03
2025-08-20 08:00:00,7992.2402,HARD_MODE,-1,1301.89
2025-08-20 12:00:00,7974.9902,HARD_MODE,-1,1305.55
2025-08-21 04:00:00,7952.9302,HARD_MODE,-1,1311.29
2025-08-21 08:00:00,7918.27,HARD_MODE,0,1309.98
2025-08-21 12:00:00,7936.9502,HARD_MODE,0,1309.98
2025-08-22 04:00:00,7947.6602,HARD_MODE,0,1309.98
2025-08-22 08:00:00,7950.3901,HARD_MODE,0,1309.98
2025-08-22 12:00:00,7977.3799,HARD_MODE,0,1309.98
2025-08-25 04:00:00,7929.48,HARD_MODE,0,1309.98
2025-08-25 08:00:00,7917.8398,HARD_MODE,0,1309.98
2025-08-25 12:00:00,7838.21,HARD_MODE,0,1309.98
2025-08-26 04:00:00,7683.7202,HARD_MODE,1,1314.04
2025-08-26 08:00:00,7715.2598,HARD_MODE,1,1314.02
2025-08-26 12:00:00,7715.1401,HARD_MODE,1,1319.01
2025-08-27 04:00:00,7744.4302,HARD_MODE,1,1319.61
2025-08-27 08:00:00,7747.9399,HARD_MODE,1,1318.69
2025-08-27 12:00:00,7742.5298,HARD_MODE,1,1332.28
2025-08-28 04:00:00,7822.3301,HARD_MODE,1,1322.78
2025-08-28 08:00:00,7766.54,HARD_MODE,1,1322.55
2025-08-28 12:00:00,7765.21,HARD_MODE,1,1314.46
2025-08-29 04:00:00,7717.7402,HARD_MODE,1,1318.64
2025-08-29 08:00:00,7742.27,HARD_MODE,0,1317.32
2025-08-29 12:00:00,7708.6499,HARD_MODE,0,1317.32
2025-09-01 04:00:00,7725.2598,HARD_MODE,0,1317.32
2025-09-01 08:00:00,7704.1201,HARD_MODE,0,1317.32
2025-09-01 12:00:00,7703.6099,HARD_MODE,0,1317.32
2025-09-02 04:00:00,7696.0298,HARD_MODE,0,1317.32
2025-09-02 08:00:00,7684.7402,HARD_MODE,0,1317.32
2025-09-02 12:00:00,7654.3398,HARD_MODE,0,1317.32
2025-09-03 04:00:00,7690.46,HARD_MODE,0,1317.32
2025-09-03 08:00:00,7721.9302,HARD_MODE,0,1317.32
2025-09-03 12:00:00,7724.48,HARD_MODE,0,1317.32
2025-09-04 04:00:00,7713.9702,HARD_MODE,0,1317.32
2025-09-04 08:00:00,7716.1899,HARD_MODE,0,1317.32
2025-09-04 12:00:00,7708.6602,HARD_MODE,0,1317.32
2025-09-05 04:00:00,7726.5698,HARD_MODE,0,1317.32
2025-09-05 08:00:00,7718.6699,HARD_MODE,0,1317.32
2025-09-05 12:00:00,7666.8101,HARD_MODE,1,1319.97
2025-09-08 04:00:00,7689.9199,HARD_MODE,1,1323.49
2025-09-08 08:00:00,7710.3901,HARD_MODE,1,1329.35
2025-09-08 12:00:00,7744.5601,HARD_MODE,0,1328.02
2025-09-09 04:00:00,7770.6699,HARD_MODE,0,1328.02
2025-09-09 08:00:00,7755.3301,HARD_MODE,0,1328.02
2025-09-09 12:00:00,7757.5298,HARD_MODE,0,1328.02
2025-09-10 04:00:00,7821.3301,HARD_MODE,0,1328.02
2025-09-10 08:00:00,7784.48,HARD_MODE,0,1328.02
2025-09-10 12:00:00,7755.9199,HARD_MODE,0,1328.02
2025-09-11 04:00:00,7802.0098,HARD_MODE,0,1328.02
2025-09-11 08:00:00,7824.1201,HARD_MODE,0,1328.02
2025-09-11 12:00:00,7820.29,HARD_MODE,0,1328.02
2025-09-12 04:00:00,7803.52,HARD_MODE,0,1328.02
2025-09-12 08:00:00,7797.4199,HARD_MODE,0,1328.02
2025-09-12 12:00:00,7818.52,HARD_MODE,0,1328.02
2025-09-15 04:00:00,7908.0498,HARD_MODE,0,1328.02
2025-09-15 08:00:00,7930.3599,HARD_MODE,0,1328.02
2025-09-15 12:00:00,7898.1099,HARD_MODE,0,1328.02
2025-09-16 04:00:00,7874.3901,HARD_MODE,0,1328.02
2025-09-16 08:00:00,7885.3599,HARD_MODE,0,1328.02
2025-09-16 12:00:00,7811.1201,HARD_MODE,1,1329.21
2025-09-17 04:00:00,7825.9302,HARD_MODE,1,1324.53
2025-09-17 08:00:00,7798.3901,HARD_MODE,1,1321.73
2025-09-17 12:00:00,7781.8799,HARD_MODE,1,1334.81
2025-09-18 04:00:00,7858.8799,HARD_MODE,-1,1329.12
2025-09-18 08:00:00,7876.6699,HARD_MODE,-1,1332.18
2025-09-18 12:00:00,7858.6401,HARD_MODE,-1,1323.71
2025-09-19 04:00:00,7908.6201,HARD_MODE,-1,1330.16
2025-09-19 08:00:00,7870.54,HARD_MODE,0,1328.83
2025-09-19 12:00:00,7863.1401,HARD_MODE,0,1328.83
2025-09-22 04:00:00,7833.52,HARD_MODE,0,1328.83
2025-09-22 08:00:00,7837.1099,HARD_MODE,0,1328.83
2025-09-22 12:00:00,7830.9702,HARD_MODE,1,1336.6
2025-09-23 04:00:00,7884.6899,HARD_MODE,1,1339.01
2025-09-23 08:00:00,7898.8901,HARD_MODE,0,1337.67
2025-09-23 12:00:00,7889.5898,HARD_MODE,0,1337.67
2025-09-24 04:00:00,7862.0,HARD_MODE,0,1337.67
2025-09-24 08:00:00,7822.4902,HARD_MODE,0,1337.67
2025-09-24 12:00:00,7834.7402,HARD_MODE,0,1337.67
2025-09-25 04:00:00,7802.7598,HARD_MODE,0,1337.67
2025-09-25 08:00:00,7771.02,HARD_MODE,1,1337.97
2025-09-25 12:00:00,7780.5,HARD_MODE,1,1350.91
2025-09-26 04:00:00,7855.7798,HARD_MODE,0,1349.56
2025-09-26 08:00:00,7853.23,HARD_MODE,0,1349.56
2025-09-26 12:00:00,7864.0498,HARD_MODE,-1,1345.54
2025-09-29 04:00:00,7879.6401,HARD_MODE,-1,1343.5
2025-09-29 08:00:00,7891.5298,HARD_MODE,-1,1342.5
2025-09-29 12:00:00,7897.3901,HARD_MODE,-1,1353.14
2025-09-30 04:00:00,7835.3301,HARD_MODE,0,1351.79
2025-09-30 08:00:00,7855.9199,HARD_MODE,1,1356.36
2025-09-30 12:00:00,7890.3701,HARD_MODE,1,1356.14
2025-10-01 04:00:00,7889.0698,HARD_MODE,1,1363.88
2025-10-01 08:00:00,7934.0898,HARD_MODE,1,1372.3
2025-10-01 12:00:00,7983.1201,HARD_MODE,1,1380.03
2025-10-02 04:00:00,8028.0698,HARD_MODE,1,1388.44
2025-10-02 08:00:00,8076.9902,HARD_MODE,1,1386.09
2025-10-02 12:00:00,8063.3398,HARD_MODE,1,1390.37
2025-10-03 04:00:00,8088.23,HARD_MODE,1,1383.22
2025-10-03 08:00:00,8046.6099,HARD_MODE,1,1388.72
2025-10-03 12:00:00,8078.5898,HARD_MODE,1,1360.46
2025-10-06 04:00:00,7914.2202,HARD_MODE,1,1372.24
2025-10-06 08:00:00,7982.7402,HARD_MODE,1,1371.38
2025-10-06 12:00:00,7977.73,HARD_MODE,1,1364.28
2025-10-07 04:00:00,7936.4102,HARD_MODE,1,1374.26
2025-10-07 08:00:00,7994.5098,HARD_MODE,-1,1375.25
2025-10-07 12:00:00,7972.73,HARD_MODE,-1,1367.01
2025-10-08 04:00:00,8020.7998,HARD_MODE,-1,1363.26
2025-10-08 08:00:00,8042.6299,HARD_MODE,-1,1358.99
2025-10-08 12:00:00,8067.54,HARD_MODE,-1,1359.01
2025-10-09 04:00:00,8067.3999,HARD_MODE,-1,1352.97
2025-10-09 08:00:00,8102.6299,HARD_MODE,-1,1362.57
2025-10-09 12:00:00,8046.6899,HARD_MODE,-1,1357.56
2025-10-10 04:00:00,8075.8599,HARD_MODE,-1,1362.55
2025-10-10 08:00:00,8046.77,HARD_MODE,-1,1385.6
2025-10-10 12:00:00,7912.4302,HARD_MODE,0,1384.24
2025-10-13 04:00:00,7982.0498,HARD_MODE,0,1384.24
2025-10-13 08:00:00,7942.1699,HARD_MODE,0,1384.24
2025-10-13 12:00:00,7924.3901,HARD_MODE,0,1384.24
2025-10-14 04:00:00,7868.2598,HARD_MODE,0,1384.24
2025-10-14 08:00:00,7860.0298,HARD_MODE,0,1384.24
2025-10-14 12:00:00,7921.4102,HARD_MODE,1,1417.24
2025-10-15 04:00:00,8118.3701,HARD_MODE,-1,1418.29
2025-10-15 08:00:00,8096.0801,HARD_MODE,-1,1418.29
2025-10-15 12:00:00,8096.0801,HARD_MODE,-1,1421.8
2025-10-16 04:00:00,8075.9302,HARD_MODE,0,1420.39
2025-10-16 08:00:00,8146.02,HARD_MODE,0,1420.39
2025-10-16 12:00:00,8184.71,HARD_MODE,0,1420.39
2025-10-17 04:00:00,8110.2998,HARD_MODE,1,1429.92
2025-10-17 08:00:00,8172.8799,HARD_MODE,1,1430.78
2025-10-17 12:00:00,8177.7798,HARD_MODE,1,1441.15
2025-10-20 04:00:00,8237.0703,HARD_MODE,1,1428.99
2025-10-20 08:00:00,8167.5498,HARD_MODE,1,1436.46
2025-10-20 12:00:00,8210.2305,HARD_MODE,1,1438.64
2025-10-21 04:00:00,8222.6904,HARD_MODE,1,1443.03
2025-10-21 08:00:00,8247.8203,HARD_MODE,1,1445.48
2025-10-21 12:00:00,8261.8096,HARD_MODE,1,1438.05
2025-10-22 04:00:00,8219.3604,HARD_MODE,1,1440.27
2025-10-22 08:00:00,8232.0303,HARD_MODE,1,1434.03
2025-10-22 12:00:00,8196.3799,HARD_MODE,1,1443.37
2025-10-23 04:00:00,8249.7197,HARD_MODE,1,1439.8
2025-10-23 08:00:00,8229.3301,HARD_MODE,1,1440.67
2025-10-23 12:00:00,8234.2998,HARD_MODE,1,1435.43
2025-10-24 04:00:00,8204.3701,HARD_MODE,1,1429.66
2025-10-24 08:00:00,8171.3999,HARD_MODE,1,1437.92
2025-10-24 12:00:00,8218.6104,HARD_MODE,1,1436.94
2025-10-27 08:00:00,8213.0195,HARD_MODE,1,1440.05
2025-10-27 12:00:00,8230.75,HARD_MODE,1,1442.03
2025-10-27 16:00:00,8242.0596,HARD_MODE,1,1440.28
2025-10-28 08:00:00,8232.0801,HARD_MODE,1,1436.77
2025-10-28 12:00:00,8212.04,HARD_MODE,1,1437.44
2025-10-28 16:00:00,8215.8301,HARD_MODE,1,1437.96
2025-10-29 08:00:00,8218.8398,HARD_MODE,1,1434.45
2025-10-29 12:00:00,8198.7598,HARD_MODE,1,1434.41
2025-10-29 16:00:00,8198.5596,HARD_MODE,1,1421.01
2025-10-30 08:00:00,8121.9302,HARD_MODE,1,1424.23
2025-10-30 12:00:00,8140.3501,HARD_MODE,1,1426.21
2025-10-30 16:00:00,8151.6499,HARD_MODE,1,1424.86
2025-10-31 08:00:00,8143.9702,HARD_MODE,0,1423.44
2025-10-31 12:00:00,8115.5801,HARD_MODE,0,1423.44
2025-10-31 16:00:00,8117.9399,HARD_MODE,-1,1418.52
2025-11-03 08:00:00,8137.9102,HARD_MODE,-1,1424.47
2025-11-03 12:00:00,8103.9199,HARD_MODE,-1,1423.93
2025-11-03 16:00:00,8107.0098,HARD_MODE,-1,1440.28
2025-11-04 08:00:00,8013.7002,HARD_MODE,1,1446.4
2025-11-04 12:00:00,8063.6699,HARD_MODE,1,1445.75
2025-11-04 16:00:00,8060.0898,HARD_MODE,0,1444.31
2025-11-05 08:00:00,8057.6401,HARD_MODE,0,1444.31
2025-11-05 12:00:00,8079.3398,HARD_MODE,0,1444.31
2025-11-05 16:00:00,8081.1699,HARD_MODE,0,1444.31
2025-11-06 08:00:00,8028.48,HARD_MODE,1,1430.55
2025-11-06 12:00:00,7959.9399,HARD_MODE,1,1430.26
2025-11-06 16:00:00,7958.3599,HARD_MODE,1,1426.67
2025-11-07 08:00:00,7938.3999,HARD_MODE,1,1427.66
2025-11-07 12:00:00,7943.8701,HARD_MODE,1,1426.64
2025-11-07 16:00:00,7938.21,HARD_MODE,0,1425.21
2025-11-10 08:00:00,8068.4399,HARD_MODE,0,1425.21
2025-11-10 12:00:00,8068.2002,HARD_MODE,0,1425.21
2025-11-10 16:00:00,8068.4702,HARD_MODE,0,1425.21
2025-11-11 08:00:00,8101.6899,HARD_MODE,0,1425.21
2025-11-11 12:00:00,8145.1699,HARD_MODE,0,1425.21
2025-11-11 16:00:00,8159.7002,HARD_MODE,-1,1408.67
2025-11-12 08:00:00,8246.3604,HARD_MODE,-1,1408.2
2025-11-12 12:00:00,8249.0303,HARD_MODE,-1,1408.28
2025-11-12 16:00:00,8248.5596,HARD_MODE,-1,1403.04
2025-11-13 08:00:00,8278.6201,HARD_MODE,-1,1410.58
2025-11-13 12:00:00,8235.4004,HARD_MODE,-1,1410.86
2025-11-13 16:00:00,8233.7998,HARD_MODE,-1,1432.43
2025-11-14 08:00:00,8110.2002,HARD_MODE,0,1431.01
2025-11-14 12:00:00,8154.6401,HARD_MODE,0,1431.01
2025-11-14 16:00:00,8163.3101,HARD_MODE,0,1431.01
2025-11-17 08:00:00,8137.8799,HARD_MODE,0,1431.01
2025-11-17 12:00:00,8121.71,HARD_MODE,0,1431.01
2025-11-17 16:00:00,8124.9199,HARD_MODE,0,1431.01
2025-11-18 08:00:00,8010.1299,HARD_MODE,0,1431.01
2025-11-18 12:00:00,7947.0801,HARD_MODE,0,1431.01
2025-11-18 16:00:00,7962.2998,HARD_MODE,0,1431.01
2025-11-19 08:00:00,7969.0098,HARD_MODE,0,1431.01
2025-11-19 12:00:00,7979.8901,HARD_MODE,0,1431.01
2025-11-19 16:00:00,7971.6899,HARD_MODE,0,1431.01
2025-11-20 08:00:00,7993.23,HARD_MODE,-1,1423.81
2025-11-20 12:00:00,8025.5,HARD_MODE,-1,1430.26
2025-11-20 16:00:00,7989.4502,HARD_MODE,-1,1437.16
2025-11-21 08:00:00,7950.8701,HARD_MODE,-1,1432.39
